,Image_ID,Predicted_Labels
0,0,Stroma
1,1,Stroma
2,2,Stroma
3,3,Fat
4,4,Fat
5,5,Fat
6,6,Stroma
7,7,Stroma
8,8,Stroma
9,9,Stroma
10,10,Fat
11,11,Fat
12,12,Fat
13,13,Tumor
14,14,Fat
15,15,Stroma
16,16,Stroma
17,17,Tumor
18,18,Stroma
19,19,Stroma
20,20,Fat
21,21,Fat
22,22,Fat
23,23,Tumor
24,24,Stroma
25,25,Fat
26,26,Stroma
27,27,Stroma
28,28,Fat
29,29,Tumor
30,30,Stroma
31,31,Fat
32,32,Tumor
33,33,Tumor
34,34,Fat
35,35,Tumor
36,36,Tumor
37,37,Tumor
38,38,Tumor
39,39,Fat
40,40,Stroma
41,41,Stroma
42,42,Fat
43,43,Stroma
44,44,Fat
45,45,Stroma
46,46,Stroma
47,47,Tumor
48,48,Fat
49,49,Stroma
50,50,Stroma
51,51,Stroma
52,52,Stroma
53,53,Tumor
54,54,Fat
55,55,Tumor
56,56,Stroma
57,57,Stroma
58,58,Stroma
59,59,Fat
60,60,Stroma
61,61,Fat
62,62,Fat
63,63,Fat
64,64,Fat
65,65,Fat
66,66,Fat
67,67,Tumor
68,68,Tumor
69,69,Fat
70,70,Tumor
71,71,Stroma
72,72,Fat
73,73,Tumor
74,74,Tumor
75,75,Fat
76,76,Tumor
77,77,Stroma
78,78,Fat
79,79,Tumor
80,80,Stroma
81,81,Tumor
82,82,Stroma
83,83,Stroma
84,84,Fat
85,85,Tumor
86,86,Tumor
87,87,Tumor
88,88,Stroma
89,89,Tumor
90,90,Fat
91,91,Stroma
92,92,Fat
93,93,Fat
94,94,Fat
95,95,Stroma
96,96,Stroma
97,97,Fat
98,98,Fat
99,99,Stroma
100,100,Stroma
101,101,Stroma
102,102,Fat
103,103,Stroma
104,104,Fat
105,105,Fat
106,106,Fat
107,107,Fat
108,108,Tumor
109,109,Tumor
110,110,Fat
111,111,Tumor
112,112,Tumor
113,113,Stroma
114,114,Tumor
115,115,Fat
116,116,Fat
117,117,Fat
118,118,Stroma
119,119,Tumor
120,120,Tumor
121,121,Stroma
122,122,Fat
123,123,Fat
124,124,Tumor
125,125,Tumor
126,126,Tumor
127,127,Tumor
128,128,Tumor
129,129,Tumor
130,130,Tumor
131,131,Fat
132,132,Stroma
133,133,Tumor
134,134,Tumor
135,135,Fat
136,136,Fat
137,137,Stroma
138,138,Stroma
139,139,Tumor
140,140,Stroma
141,141,Stroma
142,142,Stroma
143,143,Fat
144,144,Stroma
145,145,Stroma
146,146,Stroma
147,147,Tumor
148,148,Fat
149,149,Stroma
150,150,Fat
151,151,Tumor
152,152,Tumor
153,153,Stroma
154,154,Fat
155,155,Fat
156,156,Stroma
157,157,Fat
158,158,Tumor
159,159,Fat
160,160,Stroma
161,161,Fat
162,162,Fat
163,163,Stroma
164,164,Fat
165,165,Stroma
166,166,Stroma
167,167,Tumor
168,168,Tumor
169,169,Fat
170,170,Tumor
171,171,Stroma
172,172,Tumor
173,173,Tumor
174,174,Stroma
175,175,Tumor
176,176,Fat
177,177,Fat
178,178,Fat
179,179,Stroma
180,180,Tumor
181,181,Stroma
182,182,Stroma
183,183,Stroma
184,184,Fat
185,185,Stroma
186,186,Tumor
187,187,Stroma
188,188,Stroma
189,189,Stroma
190,190,Tumor
191,191,Fat
192,192,Tumor
193,193,Stroma
194,194,Fat
195,195,Fat
196,196,Tumor
197,197,Tumor
198,198,Tumor
199,199,Fat
200,200,Fat
201,201,Fat
202,202,Stroma
203,203,Fat
204,204,Fat
205,205,Fat
206,206,Tumor
207,207,Fat
208,208,Fat
209,209,Tumor
210,210,Stroma
211,211,Tumor
212,212,Fat
213,213,Fat
214,214,Stroma
215,215,Fat
216,216,Stroma
217,217,Fat
218,218,Stroma
219,219,Fat
220,220,Fat
221,221,Stroma
222,222,Tumor
223,223,Fat
224,224,Fat
225,225,Stroma
226,226,Fat
227,227,Tumor
228,228,Tumor
229,229,Tumor
230,230,Fat
231,231,Stroma
232,232,Stroma
233,233,Stroma
234,234,Tumor
235,235,Tumor
236,236,Tumor
237,237,Stroma
238,238,Tumor
239,239,Stroma
240,240,Stroma
241,241,Fat
242,242,Fat
243,243,Fat
244,244,Fat
245,245,Tumor
246,246,Fat
247,247,Tumor
248,248,Tumor
249,249,Fat
250,250,Fat
251,251,Stroma
252,252,Tumor
253,253,Tumor
254,254,Stroma
255,255,Fat
256,256,Fat
257,257,Tumor
258,258,Stroma
259,259,Stroma
260,260,Tumor
261,261,Fat
262,262,Fat
263,263,Tumor
264,264,Fat
265,265,Tumor
266,266,Stroma
267,267,Tumor
268,268,Stroma
269,269,Tumor
270,270,Tumor
271,271,Stroma
272,272,Fat
273,273,Fat
274,274,Tumor
275,275,Fat
276,276,Tumor
277,277,Tumor
278,278,Fat
279,279,Tumor
280,280,Fat
281,281,Tumor
282,282,Tumor
283,283,Fat
284,284,Tumor
285,285,Stroma
286,286,Tumor
287,287,Stroma
288,288,Stroma
289,289,Fat
290,290,Stroma
291,291,Fat
292,292,Stroma
293,293,Stroma
294,294,Fat
295,295,Stroma
296,296,Tumor
297,297,Tumor
298,298,Tumor
299,299,Tumor
300,300,Stroma
301,301,Tumor
302,302,Tumor
303,303,Fat
304,304,Tumor
305,305,Fat
306,306,Stroma
307,307,Tumor
308,308,Fat
309,309,Fat
310,310,Stroma
311,311,Fat
312,312,Stroma
313,313,Tumor
314,314,Fat
315,315,Tumor
316,316,Fat
317,317,Stroma
318,318,Tumor
319,319,Fat
320,320,Fat
321,321,Fat
322,322,Stroma
323,323,Stroma
324,324,Fat
325,325,Tumor
326,326,Stroma
327,327,Tumor
328,328,Stroma
329,329,Fat
330,330,Fat
331,331,Tumor
332,332,Tumor
333,333,Fat
334,334,Stroma
335,335,Tumor
336,336,Stroma
337,337,Stroma
338,338,Fat
339,339,Tumor
340,340,Tumor
341,341,Fat
342,342,Tumor
343,343,Stroma
344,344,Stroma
345,345,Stroma
346,346,Fat
347,347,Stroma
348,348,Fat
349,349,Tumor
350,350,Stroma
351,351,Tumor
352,352,Fat
353,353,Tumor
354,354,Fat
355,355,Stroma
356,356,Stroma
357,357,Tumor
358,358,Stroma
359,359,Tumor
360,360,Stroma
361,361,Stroma
362,362,Fat
363,363,Fat
364,364,Stroma
365,365,Tumor
366,366,Tumor
367,367,Fat
368,368,Stroma
369,369,Stroma
370,370,Fat
371,371,Tumor
372,372,Stroma
373,373,Fat
374,374,Fat
375,375,Fat
376,376,Stroma
377,377,Stroma
378,378,Stroma
379,379,Stroma
380,380,Fat
381,381,Fat
382,382,Stroma
383,383,Stroma
384,384,Tumor
385,385,Tumor
386,386,Fat
387,387,Fat
388,388,Stroma
389,389,Tumor
390,390,Tumor
391,391,Fat
392,392,Stroma
393,393,Stroma
394,394,Stroma
395,395,Stroma
396,396,Stroma
397,397,Fat
398,398,Tumor
399,399,Tumor
400,400,Fat
401,401,Fat
402,402,Tumor
403,403,Stroma
404,404,Fat
405,405,Fat
406,406,Tumor
407,407,Stroma
408,408,Fat
409,409,Fat
410,410,Tumor
411,411,Stroma
412,412,Tumor
413,413,Fat
414,414,Stroma
415,415,Fat
416,416,Tumor
417,417,Stroma
418,418,Fat
419,419,Stroma
420,420,Tumor
421,421,Fat
422,422,Fat
423,423,Fat
424,424,Fat
425,425,Tumor
426,426,Fat
427,427,Fat
428,428,Stroma
429,429,Tumor
430,430,Stroma
431,431,Stroma
432,432,Stroma
433,433,Tumor
434,434,Tumor
435,435,Fat
436,436,Tumor
437,437,Tumor
438,438,Tumor
439,439,Fat
440,440,Tumor
441,441,Fat
442,442,Stroma
443,443,Tumor
444,444,Stroma
445,445,Fat
446,446,Stroma
447,447,Stroma
448,448,Stroma
449,449,Stroma
450,450,Fat
451,451,Stroma
452,452,Stroma
453,453,Stroma
454,454,Stroma
455,455,Tumor
456,456,Stroma
457,457,Fat
458,458,Fat
459,459,Stroma
460,460,Tumor
461,461,Tumor
462,462,Tumor
463,463,Fat
464,464,Stroma
465,465,Tumor
466,466,Fat
467,467,Fat
468,468,Fat
469,469,Tumor
470,470,Stroma
471,471,Fat
472,472,Fat
473,473,Fat
474,474,Tumor
475,475,Fat
476,476,Tumor
477,477,Tumor
478,478,Stroma
479,479,Fat
480,480,Stroma
481,481,Fat
482,482,Tumor
483,483,Stroma
484,484,Fat
485,485,Tumor
486,486,Fat
487,487,Tumor
488,488,Fat
489,489,Stroma
490,490,Fat
491,491,Stroma
492,492,Tumor
493,493,Stroma
494,494,Stroma
495,495,Stroma
496,496,Tumor
497,497,Fat
498,498,Tumor
499,499,Tumor
500,500,Tumor
501,501,Tumor
502,502,Fat
503,503,Stroma
504,504,Fat
505,505,Stroma
506,506,Fat
507,507,Fat
508,508,Tumor
509,509,Stroma
510,510,Stroma
511,511,Tumor
512,512,Fat
513,513,Stroma
514,514,Tumor
515,515,Stroma
516,516,Fat
517,517,Tumor
518,518,Stroma
519,519,Fat
520,520,Tumor
521,521,Fat
522,522,Tumor
523,523,Fat
524,524,Stroma
525,525,Tumor
526,526,Stroma
527,527,Fat
528,528,Stroma
529,529,Tumor
530,530,Tumor
531,531,Stroma
532,532,Fat
533,533,Fat
534,534,Stroma
535,535,Fat
536,536,Fat
537,537,Stroma
538,538,Stroma
539,539,Stroma
540,540,Fat
541,541,Stroma
542,542,Stroma
543,543,Stroma
544,544,Tumor
545,545,Fat
546,546,Tumor
547,547,Stroma
548,548,Fat
549,549,Stroma
550,550,Fat
551,551,Stroma
552,552,Stroma
553,553,Fat
554,554,Fat
555,555,Fat
556,556,Stroma
557,557,Fat
558,558,Fat
559,559,Fat
560,560,Stroma
561,561,Fat
562,562,Stroma
563,563,Stroma
564,564,Stroma
565,565,Fat
566,566,Tumor
567,567,Fat
568,568,Stroma
569,569,Stroma
570,570,Fat
571,571,Fat
572,572,Tumor
573,573,Stroma
574,574,Tumor
575,575,Fat
576,576,Fat
577,577,Stroma
578,578,Fat
579,579,Stroma
580,580,Stroma
581,581,Tumor
582,582,Stroma
583,583,Fat
584,584,Fat
585,585,Stroma
586,586,Fat
587,587,Stroma
588,588,Fat
589,589,Stroma
590,590,Tumor
591,591,Tumor
592,592,Fat
593,593,Stroma
594,594,Stroma
595,595,Tumor
596,596,Stroma
597,597,Stroma
598,598,Stroma
599,599,Stroma
600,600,Tumor
601,601,Tumor
602,602,Fat
603,603,Fat
604,604,Tumor
605,605,Tumor
606,606,Stroma
607,607,Stroma
608,608,Stroma
609,609,Fat
610,610,Tumor
611,611,Stroma
612,612,Stroma
613,613,Stroma
614,614,Fat
615,615,Tumor
616,616,Tumor
617,617,Fat
618,618,Tumor
619,619,Tumor
620,620,Fat
621,621,Tumor
622,622,Fat
623,623,Tumor
624,624,Fat
625,625,Stroma
626,626,Tumor
627,627,Tumor
628,628,Tumor
629,629,Tumor
630,630,Tumor
631,631,Fat
632,632,Tumor
633,633,Tumor
634,634,Tumor
635,635,Stroma
636,636,Stroma
637,637,Tumor
638,638,Stroma
639,639,Tumor
640,640,Stroma
641,641,Stroma
642,642,Tumor
643,643,Fat
644,644,Fat
645,645,Tumor
646,646,Stroma
647,647,Fat
648,648,Tumor
649,649,Fat
650,650,Fat
651,651,Tumor
652,652,Tumor
653,653,Tumor
654,654,Stroma
655,655,Fat
656,656,Stroma
657,657,Tumor
658,658,Stroma
659,659,Stroma
660,660,Fat
661,661,Tumor
662,662,Stroma
663,663,Stroma
664,664,Stroma
665,665,Fat
666,666,Tumor
667,667,Fat
668,668,Fat
669,669,Tumor
670,670,Stroma
671,671,Tumor
672,672,Tumor
673,673,Fat
674,674,Fat
675,675,Stroma
676,676,Stroma
677,677,Fat
678,678,Fat
679,679,Fat
680,680,Tumor
681,681,Tumor
682,682,Tumor
683,683,Stroma
684,684,Tumor
685,685,Tumor
686,686,Tumor
687,687,Fat
688,688,Tumor
689,689,Tumor
690,690,Tumor
691,691,Tumor
692,692,Fat
693,693,Fat
694,694,Stroma
695,695,Fat
696,696,Tumor
697,697,Stroma
698,698,Stroma
699,699,Fat
700,700,Tumor
701,701,Tumor
702,702,Stroma
703,703,Stroma
704,704,Tumor
705,705,Stroma
706,706,Stroma
707,707,Tumor
708,708,Fat
709,709,Fat
710,710,Tumor
711,711,Tumor
712,712,Tumor
713,713,Stroma
714,714,Tumor
715,715,Stroma
716,716,Tumor
717,717,Tumor
718,718,Fat
719,719,Stroma
720,720,Tumor
721,721,Fat
722,722,Stroma
723,723,Tumor
724,724,Stroma
725,725,Stroma
726,726,Tumor
727,727,Fat
728,728,Tumor
729,729,Stroma
730,730,Tumor
731,731,Tumor
732,732,Tumor
733,733,Fat
734,734,Tumor
735,735,Tumor
736,736,Stroma
737,737,Fat
738,738,Stroma
739,739,Tumor
740,740,Fat
741,741,Fat
742,742,Tumor
743,743,Stroma
744,744,Tumor
745,745,Fat
746,746,Fat
747,747,Tumor
748,748,Fat
749,749,Stroma
750,750,Tumor
751,751,Stroma
752,752,Fat
753,753,Fat
754,754,Fat
755,755,Stroma
756,756,Tumor
757,757,Tumor
758,758,Stroma
759,759,Fat
760,760,Stroma
761,761,Stroma
762,762,Fat
763,763,Tumor
764,764,Fat
765,765,Tumor
766,766,Stroma
767,767,Fat
768,768,Stroma
769,769,Stroma
770,770,Fat
771,771,Tumor
772,772,Fat
773,773,Fat
774,774,Tumor
775,775,Fat
776,776,Stroma
777,777,Stroma
778,778,Tumor
779,779,Tumor
780,780,Stroma
781,781,Tumor
782,782,Fat
783,783,Fat
784,784,Stroma
785,785,Fat
786,786,Tumor
787,787,Stroma
788,788,Stroma
789,789,Tumor
790,790,Fat
791,791,Stroma
792,792,Stroma
793,793,Tumor
794,794,Tumor
795,795,Tumor
796,796,Fat
797,797,Tumor
798,798,Tumor
799,799,Fat
800,800,Stroma
801,801,Fat
802,802,Stroma
803,803,Tumor
804,804,Fat
805,805,Tumor
806,806,Stroma
807,807,Tumor
808,808,Stroma
809,809,Tumor
810,810,Stroma
811,811,Fat
812,812,Stroma
813,813,Tumor
814,814,Fat
815,815,Fat
816,816,Stroma
817,817,Tumor
818,818,Stroma
819,819,Tumor
820,820,Stroma
821,821,Tumor
822,822,Fat
823,823,Tumor
824,824,Fat
825,825,Tumor
826,826,Tumor
827,827,Stroma
828,828,Stroma
829,829,Tumor
830,830,Fat
831,831,Stroma
832,832,Stroma
833,833,Fat
834,834,Stroma
835,835,Fat
836,836,Fat
837,837,Fat
838,838,Fat
839,839,Stroma
840,840,Stroma
841,841,Stroma
842,842,Tumor
843,843,Tumor
844,844,Stroma
845,845,Fat
846,846,Stroma
847,847,Tumor
848,848,Fat
849,849,Stroma
850,850,Tumor
851,851,Stroma
852,852,Fat
853,853,Fat
854,854,Stroma
855,855,Tumor
856,856,Stroma
857,857,Fat
858,858,Stroma
859,859,Fat
860,860,Tumor
861,861,Stroma
862,862,Tumor
863,863,Stroma
864,864,Tumor
865,865,Fat
866,866,Stroma
867,867,Fat
868,868,Stroma
869,869,Fat
870,870,Stroma
871,871,Tumor
872,872,Tumor
873,873,Fat
874,874,Tumor
875,875,Tumor
876,876,Stroma
877,877,Stroma
878,878,Stroma
879,879,Tumor
880,880,Stroma
881,881,Tumor
882,882,Stroma
883,883,Fat
884,884,Fat
885,885,Fat
886,886,Stroma
887,887,Stroma
888,888,Tumor
889,889,Fat
890,890,Tumor
891,891,Fat
892,892,Fat
893,893,Fat
894,894,Stroma
895,895,Stroma
896,896,Tumor
897,897,Stroma
898,898,Stroma
899,899,Fat
900,900,Fat
901,901,Fat
902,902,Tumor
903,903,Tumor
904,904,Stroma
905,905,Stroma
906,906,Fat
907,907,Fat
908,908,Tumor
909,909,Fat
910,910,Fat
911,911,Tumor
912,912,Tumor
913,913,Stroma
914,914,Tumor
915,915,Tumor
916,916,Stroma
917,917,Tumor
918,918,Tumor
919,919,Fat
920,920,Fat
921,921,Tumor
922,922,Stroma
923,923,Fat
924,924,Fat
925,925,Stroma
926,926,Stroma
927,927,Fat
928,928,Fat
929,929,Stroma
930,930,Tumor
931,931,Stroma
932,932,Stroma
933,933,Stroma
934,934,Tumor
935,935,Tumor
936,936,Stroma
937,937,Stroma
938,938,Stroma
939,939,Stroma
940,940,Stroma
941,941,Fat
942,942,Tumor
943,943,Fat
944,944,Fat
945,945,Fat
946,946,Tumor
947,947,Fat
948,948,Tumor
949,949,Stroma
950,950,Stroma
951,951,Tumor
952,952,Stroma
953,953,Fat
954,954,Fat
955,955,Stroma
956,956,Tumor
957,957,Tumor
958,958,Fat
959,959,Stroma
960,960,Tumor
961,961,Stroma
962,962,Stroma
963,963,Tumor
964,964,Fat
965,965,Fat
966,966,Tumor
967,967,Stroma
968,968,Tumor
969,969,Fat
970,970,Fat
971,971,Stroma
972,972,Fat
973,973,Fat
974,974,Stroma
975,975,Fat
976,976,Stroma
977,977,Fat
978,978,Stroma
979,979,Tumor
980,980,Fat
981,981,Stroma
982,982,Fat
983,983,Fat
984,984,Stroma
985,985,Fat
986,986,Fat
987,987,Tumor
988,988,Fat
989,989,Fat
990,990,Fat
991,991,Tumor
992,992,Fat
993,993,Stroma
994,994,Tumor
995,995,Stroma
996,996,Tumor
997,997,Fat
998,998,Stroma
999,999,Tumor
1000,1000,Fat
1001,1001,Stroma
1002,1002,Fat
1003,1003,Fat
1004,1004,Stroma
1005,1005,Fat
1006,1006,Tumor
1007,1007,Stroma
1008,1008,Tumor
1009,1009,Fat
1010,1010,Fat
1011,1011,Fat
1012,1012,Stroma
1013,1013,Tumor
1014,1014,Tumor
1015,1015,Fat
1016,1016,Stroma
1017,1017,Tumor
1018,1018,Stroma
1019,1019,Stroma
1020,1020,Tumor
1021,1021,Tumor
1022,1022,Fat
1023,1023,Stroma
1024,1024,Fat
1025,1025,Fat
1026,1026,Fat
1027,1027,Stroma
1028,1028,Stroma
1029,1029,Stroma
1030,1030,Tumor
1031,1031,Stroma
1032,1032,Fat
1033,1033,Fat
1034,1034,Stroma
1035,1035,Stroma
1036,1036,Fat
1037,1037,Fat
1038,1038,Stroma
1039,1039,Tumor
1040,1040,Tumor
1041,1041,Fat
1042,1042,Stroma
1043,1043,Stroma
1044,1044,Stroma
1045,1045,Fat
1046,1046,Fat
1047,1047,Fat
1048,1048,Tumor
1049,1049,Fat
1050,1050,Stroma
1051,1051,Fat
1052,1052,Stroma
1053,1053,Fat
1054,1054,Fat
1055,1055,Stroma
1056,1056,Tumor
1057,1057,Tumor
1058,1058,Tumor
1059,1059,Stroma
1060,1060,Stroma
1061,1061,Stroma
1062,1062,Fat
1063,1063,Fat
1064,1064,Fat
1065,1065,Fat
1066,1066,Stroma
1067,1067,Fat
1068,1068,Stroma
1069,1069,Fat
1070,1070,Tumor
1071,1071,Fat
1072,1072,Stroma
1073,1073,Fat
1074,1074,Stroma
1075,1075,Tumor
1076,1076,Fat
1077,1077,Fat
1078,1078,Stroma
1079,1079,Fat
1080,1080,Stroma
1081,1081,Stroma
1082,1082,Stroma
1083,1083,Tumor
1084,1084,Fat
1085,1085,Fat
1086,1086,Fat
1087,1087,Stroma
1088,1088,Stroma
1089,1089,Tumor
1090,1090,Tumor
1091,1091,Fat
1092,1092,Tumor
1093,1093,Stroma
1094,1094,Tumor
1095,1095,Fat
1096,1096,Stroma
1097,1097,Tumor
1098,1098,Tumor
1099,1099,Tumor
1100,1100,Fat
1101,1101,Tumor
1102,1102,Fat
1103,1103,Fat
1104,1104,Tumor
1105,1105,Stroma
1106,1106,Tumor
1107,1107,Tumor
1108,1108,Tumor
1109,1109,Fat
1110,1110,Tumor
1111,1111,Tumor
1112,1112,Fat
1113,1113,Tumor
1114,1114,Tumor
1115,1115,Fat
1116,1116,Stroma
1117,1117,Tumor
1118,1118,Stroma
1119,1119,Fat
1120,1120,Fat
1121,1121,Fat
1122,1122,Stroma
1123,1123,Fat
1124,1124,Fat
1125,1125,Stroma
1126,1126,Fat
1127,1127,Fat
1128,1128,Fat
1129,1129,Tumor
1130,1130,Stroma
1131,1131,Tumor
1132,1132,Tumor
1133,1133,Tumor
1134,1134,Tumor
1135,1135,Stroma
1136,1136,Fat
1137,1137,Fat
1138,1138,Fat
1139,1139,Tumor
1140,1140,Stroma
1141,1141,Fat
1142,1142,Stroma
1143,1143,Fat
1144,1144,Stroma
1145,1145,Fat
1146,1146,Tumor
1147,1147,Fat
1148,1148,Stroma
1149,1149,Stroma
1150,1150,Fat
1151,1151,Tumor
1152,1152,Tumor
1153,1153,Tumor
1154,1154,Stroma
1155,1155,Fat
1156,1156,Stroma
1157,1157,Fat
1158,1158,Stroma
1159,1159,Tumor
1160,1160,Tumor
1161,1161,Fat
1162,1162,Fat
1163,1163,Fat
1164,1164,Fat
1165,1165,Stroma
1166,1166,Fat
1167,1167,Stroma
1168,1168,Fat
1169,1169,Fat
1170,1170,Tumor
1171,1171,Stroma
1172,1172,Tumor
1173,1173,Stroma
1174,1174,Tumor
1175,1175,Stroma
1176,1176,Stroma
1177,1177,Tumor
1178,1178,Tumor
1179,1179,Stroma
1180,1180,Fat
1181,1181,Tumor
1182,1182,Tumor
1183,1183,Fat
1184,1184,Fat
1185,1185,Fat
1186,1186,Tumor
1187,1187,Fat
1188,1188,Stroma
1189,1189,Stroma
1190,1190,Stroma
1191,1191,Fat
1192,1192,Stroma
1193,1193,Tumor
1194,1194,Tumor
1195,1195,Fat
1196,1196,Fat
1197,1197,Tumor
1198,1198,Fat
1199,1199,Fat
1200,1200,Fat
1201,1201,Fat
1202,1202,Fat
1203,1203,Stroma
1204,1204,Tumor
1205,1205,Fat
1206,1206,Stroma
1207,1207,Tumor
1208,1208,Tumor
1209,1209,Stroma
1210,1210,Tumor
1211,1211,Tumor
1212,1212,Tumor
1213,1213,Tumor
1214,1214,Tumor
1215,1215,Tumor
1216,1216,Stroma
1217,1217,Stroma
1218,1218,Fat
1219,1219,Tumor
1220,1220,Stroma
1221,1221,Tumor
1222,1222,Stroma
1223,1223,Tumor
1224,1224,Tumor
1225,1225,Stroma
1226,1226,Fat
1227,1227,Tumor
1228,1228,Tumor
1229,1229,Stroma
1230,1230,Fat
1231,1231,Stroma
1232,1232,Fat
1233,1233,Tumor
1234,1234,Tumor
1235,1235,Tumor
1236,1236,Tumor
1237,1237,Stroma
1238,1238,Fat
1239,1239,Fat
1240,1240,Fat
1241,1241,Fat
1242,1242,Fat
1243,1243,Fat
1244,1244,Tumor
1245,1245,Fat
1246,1246,Fat
1247,1247,Fat
1248,1248,Fat
1249,1249,Fat
1250,1250,Stroma
1251,1251,Stroma
1252,1252,Fat
1253,1253,Stroma
1254,1254,Fat
1255,1255,Tumor
1256,1256,Tumor
1257,1257,Fat
1258,1258,Tumor
1259,1259,Stroma
1260,1260,Stroma
1261,1261,Fat
1262,1262,Fat
1263,1263,Tumor
1264,1264,Stroma
1265,1265,Tumor
1266,1266,Fat
1267,1267,Stroma
1268,1268,Tumor
1269,1269,Stroma
1270,1270,Tumor
1271,1271,Fat
1272,1272,Tumor
1273,1273,Tumor
1274,1274,Stroma
1275,1275,Tumor
1276,1276,Tumor
1277,1277,Tumor
1278,1278,Stroma
1279,1279,Tumor
1280,1280,Tumor
1281,1281,Stroma
1282,1282,Tumor
1283,1283,Tumor
1284,1284,Stroma
1285,1285,Tumor
1286,1286,Stroma
1287,1287,Tumor
1288,1288,Fat
1289,1289,Fat
1290,1290,Fat
1291,1291,Tumor
1292,1292,Tumor
1293,1293,Fat
1294,1294,Fat
1295,1295,Tumor
1296,1296,Fat
1297,1297,Stroma
1298,1298,Stroma
1299,1299,Tumor
1300,1300,Tumor
1301,1301,Fat
1302,1302,Fat
1303,1303,Tumor
1304,1304,Tumor
1305,1305,Fat
1306,1306,Tumor
1307,1307,Fat
1308,1308,Stroma
1309,1309,Fat
1310,1310,Fat
1311,1311,Fat
1312,1312,Fat
1313,1313,Stroma
1314,1314,Fat
1315,1315,Tumor
1316,1316,Fat
1317,1317,Tumor
1318,1318,Tumor
1319,1319,Stroma
1320,1320,Tumor
1321,1321,Tumor
1322,1322,Fat
1323,1323,Tumor
1324,1324,Tumor
1325,1325,Tumor
1326,1326,Tumor
1327,1327,Stroma
1328,1328,Fat
1329,1329,Fat
1330,1330,Tumor
1331,1331,Stroma
1332,1332,Stroma
1333,1333,Fat
1334,1334,Tumor
1335,1335,Tumor
1336,1336,Fat
1337,1337,Tumor
1338,1338,Tumor
1339,1339,Stroma
1340,1340,Fat
1341,1341,Fat
1342,1342,Tumor
1343,1343,Tumor
1344,1344,Stroma
1345,1345,Tumor
1346,1346,Tumor
1347,1347,Tumor
1348,1348,Stroma
1349,1349,Tumor
1350,1350,Stroma
1351,1351,Fat
1352,1352,Stroma
1353,1353,Fat
1354,1354,Fat
1355,1355,Stroma
1356,1356,Tumor
1357,1357,Tumor
1358,1358,Tumor
1359,1359,Stroma
1360,1360,Tumor
1361,1361,Stroma
1362,1362,Stroma
1363,1363,Tumor
1364,1364,Stroma
1365,1365,Fat
1366,1366,Tumor
1367,1367,Fat
1368,1368,Tumor
1369,1369,Fat
1370,1370,Tumor
1371,1371,Stroma
1372,1372,Tumor
1373,1373,Tumor
1374,1374,Stroma
1375,1375,Fat
1376,1376,Stroma
1377,1377,Fat
1378,1378,Stroma
1379,1379,Tumor
1380,1380,Stroma
1381,1381,Stroma
1382,1382,Tumor
1383,1383,Tumor
1384,1384,Tumor
1385,1385,Fat
1386,1386,Stroma
1387,1387,Stroma
1388,1388,Fat
1389,1389,Fat
1390,1390,Fat
1391,1391,Stroma
1392,1392,Fat
1393,1393,Stroma
1394,1394,Stroma
1395,1395,Stroma
1396,1396,Stroma
1397,1397,Stroma
1398,1398,Fat
1399,1399,Tumor
1400,1400,Fat
1401,1401,Fat
1402,1402,Tumor
1403,1403,Stroma
1404,1404,Stroma
1405,1405,Stroma
1406,1406,Tumor
1407,1407,Stroma
1408,1408,Fat
1409,1409,Fat
1410,1410,Fat
1411,1411,Tumor
1412,1412,Fat
1413,1413,Fat
1414,1414,Fat
1415,1415,Stroma
1416,1416,Stroma
1417,1417,Stroma
1418,1418,Stroma
1419,1419,Stroma
1420,1420,Stroma
1421,1421,Stroma
1422,1422,Fat
1423,1423,Tumor
1424,1424,Fat
1425,1425,Tumor
1426,1426,Stroma
1427,1427,Stroma
1428,1428,Fat
1429,1429,Fat
1430,1430,Tumor
1431,1431,Tumor
1432,1432,Stroma
1433,1433,Tumor
1434,1434,Fat
1435,1435,Tumor
1436,1436,Fat
1437,1437,Tumor
1438,1438,Fat
1439,1439,Fat
1440,1440,Tumor
1441,1441,Fat
1442,1442,Tumor
1443,1443,Tumor
1444,1444,Stroma
1445,1445,Tumor
1446,1446,Fat
1447,1447,Fat
1448,1448,Fat
1449,1449,Tumor
1450,1450,Tumor
1451,1451,Tumor
1452,1452,Stroma
1453,1453,Stroma
1454,1454,Stroma
1455,1455,Stroma
1456,1456,Stroma
1457,1457,Stroma
1458,1458,Tumor
1459,1459,Stroma
1460,1460,Fat
1461,1461,Tumor
1462,1462,Tumor
1463,1463,Stroma
1464,1464,Stroma
1465,1465,Stroma
1466,1466,Tumor
1467,1467,Tumor
1468,1468,Stroma
1469,1469,Tumor
1470,1470,Stroma
1471,1471,Tumor
1472,1472,Stroma
1473,1473,Tumor
1474,1474,Fat
1475,1475,Stroma
1476,1476,Stroma
1477,1477,Stroma
1478,1478,Stroma
1479,1479,Fat
1480,1480,Tumor
1481,1481,Fat
1482,1482,Fat
1483,1483,Fat
1484,1484,Tumor
1485,1485,Stroma
1486,1486,Stroma
1487,1487,Tumor
1488,1488,Stroma
1489,1489,Fat
1490,1490,Stroma
1491,1491,Fat
1492,1492,Fat
1493,1493,Fat
1494,1494,Stroma
1495,1495,Tumor
1496,1496,Tumor
1497,1497,Fat
1498,1498,Fat
1499,1499,Tumor
1500,1500,Tumor
1501,1501,Tumor
1502,1502,Stroma
1503,1503,Tumor
1504,1504,Tumor
1505,1505,Fat
1506,1506,Stroma
1507,1507,Stroma
1508,1508,Tumor
1509,1509,Stroma
1510,1510,Stroma
1511,1511,Fat
1512,1512,Tumor
1513,1513,Fat
1514,1514,Fat
1515,1515,Stroma
1516,1516,Fat
1517,1517,Stroma
1518,1518,Fat
1519,1519,Fat
1520,1520,Fat
1521,1521,Fat
1522,1522,Stroma
1523,1523,Stroma
1524,1524,Tumor
1525,1525,Stroma
1526,1526,Stroma
1527,1527,Stroma
1528,1528,Stroma
1529,1529,Stroma
1530,1530,Stroma
1531,1531,Tumor
1532,1532,Stroma
1533,1533,Tumor
1534,1534,Stroma
1535,1535,Tumor
1536,1536,Fat
1537,1537,Tumor
1538,1538,Stroma
1539,1539,Stroma
1540,1540,Stroma
1541,1541,Tumor
1542,1542,Stroma
1543,1543,Fat
1544,1544,Stroma
1545,1545,Fat
1546,1546,Tumor
1547,1547,Tumor
1548,1548,Stroma
1549,1549,Tumor
1550,1550,Stroma
1551,1551,Fat
1552,1552,Tumor
1553,1553,Fat
1554,1554,Stroma
1555,1555,Stroma
1556,1556,Tumor
1557,1557,Stroma
1558,1558,Fat
1559,1559,Stroma
1560,1560,Stroma
1561,1561,Tumor
1562,1562,Tumor
1563,1563,Stroma
1564,1564,Tumor
1565,1565,Fat
1566,1566,Fat
1567,1567,Stroma
1568,1568,Stroma
1569,1569,Tumor
1570,1570,Fat
1571,1571,Fat
1572,1572,Stroma
1573,1573,Fat
1574,1574,Fat
1575,1575,Fat
1576,1576,Fat
1577,1577,Stroma
1578,1578,Tumor
1579,1579,Stroma
1580,1580,Stroma
1581,1581,Fat
1582,1582,Fat
1583,1583,Fat
1584,1584,Fat
1585,1585,Tumor
1586,1586,Stroma
1587,1587,Stroma
1588,1588,Stroma
1589,1589,Tumor
1590,1590,Tumor
1591,1591,Tumor
1592,1592,Stroma
1593,1593,Tumor
1594,1594,Fat
1595,1595,Tumor
1596,1596,Tumor
1597,1597,Stroma
1598,1598,Fat
1599,1599,Stroma
1600,1600,Tumor
1601,1601,Tumor
1602,1602,Fat
1603,1603,Fat
1604,1604,Stroma
1605,1605,Stroma
1606,1606,Tumor
1607,1607,Stroma
1608,1608,Tumor
1609,1609,Fat
1610,1610,Fat
1611,1611,Fat
1612,1612,Tumor
1613,1613,Stroma
1614,1614,Tumor
1615,1615,Tumor
1616,1616,Fat
1617,1617,Stroma
1618,1618,Stroma
1619,1619,Fat
1620,1620,Fat
1621,1621,Tumor
1622,1622,Stroma
1623,1623,Stroma
1624,1624,Fat
1625,1625,Stroma
1626,1626,Tumor
1627,1627,Fat
1628,1628,Tumor
1629,1629,Fat
1630,1630,Fat
1631,1631,Tumor
1632,1632,Stroma
1633,1633,Fat
1634,1634,Stroma
1635,1635,Fat
1636,1636,Fat
1637,1637,Stroma
1638,1638,Tumor
1639,1639,Fat
1640,1640,Fat
1641,1641,Tumor
1642,1642,Stroma
1643,1643,Fat
1644,1644,Tumor
1645,1645,Tumor
1646,1646,Tumor
1647,1647,Tumor
1648,1648,Tumor
1649,1649,Tumor
1650,1650,Tumor
1651,1651,Tumor
1652,1652,Stroma
1653,1653,Tumor
1654,1654,Stroma
1655,1655,Tumor
1656,1656,Tumor
1657,1657,Tumor
1658,1658,Fat
1659,1659,Stroma
1660,1660,Tumor
1661,1661,Tumor
1662,1662,Stroma
1663,1663,Stroma
1664,1664,Tumor
1665,1665,Stroma
1666,1666,Stroma
1667,1667,Fat
1668,1668,Stroma
1669,1669,Stroma
1670,1670,Fat
1671,1671,Fat
1672,1672,Stroma
1673,1673,Stroma
1674,1674,Stroma
1675,1675,Stroma
1676,1676,Stroma
1677,1677,Stroma
1678,1678,Stroma
1679,1679,Stroma
1680,1680,Fat
1681,1681,Fat
1682,1682,Tumor
1683,1683,Tumor
1684,1684,Stroma
1685,1685,Tumor
1686,1686,Tumor
1687,1687,Stroma
1688,1688,Fat
1689,1689,Tumor
1690,1690,Tumor
1691,1691,Stroma
1692,1692,Fat
1693,1693,Fat
1694,1694,Stroma
1695,1695,Fat
1696,1696,Tumor
1697,1697,Tumor
1698,1698,Fat
1699,1699,Stroma
1700,1700,Tumor
1701,1701,Tumor
1702,1702,Tumor
1703,1703,Fat
1704,1704,Fat
1705,1705,Stroma
1706,1706,Stroma
1707,1707,Tumor
1708,1708,Fat
1709,1709,Tumor
1710,1710,Tumor
1711,1711,Fat
1712,1712,Fat
1713,1713,Fat
1714,1714,Fat
1715,1715,Stroma
1716,1716,Tumor
1717,1717,Fat
1718,1718,Fat
1719,1719,Tumor
1720,1720,Fat
1721,1721,Tumor
1722,1722,Stroma
1723,1723,Stroma
1724,1724,Stroma
1725,1725,Stroma
1726,1726,Fat
1727,1727,Tumor
1728,1728,Stroma
1729,1729,Stroma
1730,1730,Stroma
1731,1731,Stroma
1732,1732,Fat
1733,1733,Stroma
1734,1734,Stroma
1735,1735,Stroma
1736,1736,Fat
1737,1737,Stroma
1738,1738,Fat
1739,1739,Stroma
1740,1740,Stroma
1741,1741,Tumor
1742,1742,Stroma
1743,1743,Stroma
1744,1744,Tumor
1745,1745,Stroma
1746,1746,Fat
1747,1747,Stroma
1748,1748,Fat
1749,1749,Fat
1750,1750,Stroma
1751,1751,Stroma
1752,1752,Stroma
1753,1753,Stroma
1754,1754,Tumor
1755,1755,Fat
1756,1756,Stroma
1757,1757,Tumor
1758,1758,Stroma
1759,1759,Stroma
1760,1760,Fat
1761,1761,Tumor
1762,1762,Tumor
1763,1763,Tumor
1764,1764,Tumor
1765,1765,Stroma
1766,1766,Tumor
1767,1767,Tumor
1768,1768,Fat
1769,1769,Tumor
1770,1770,Tumor
1771,1771,Fat
1772,1772,Tumor
1773,1773,Fat
1774,1774,Tumor
1775,1775,Tumor
1776,1776,Fat
1777,1777,Stroma
1778,1778,Fat
1779,1779,Tumor
1780,1780,Stroma
1781,1781,Stroma
1782,1782,Fat
1783,1783,Stroma
1784,1784,Stroma
1785,1785,Tumor
1786,1786,Tumor
1787,1787,Stroma
1788,1788,Fat
1789,1789,Tumor
1790,1790,Fat
1791,1791,Fat
1792,1792,Tumor
1793,1793,Fat
1794,1794,Fat
1795,1795,Tumor
1796,1796,Fat
1797,1797,Fat
1798,1798,Fat
1799,1799,Fat
1800,1800,Stroma
1801,1801,Tumor
1802,1802,Tumor
1803,1803,Tumor
1804,1804,Stroma
1805,1805,Tumor
1806,1806,Tumor
1807,1807,Stroma
1808,1808,Stroma
1809,1809,Fat
1810,1810,Stroma
1811,1811,Stroma
1812,1812,Tumor
1813,1813,Stroma
1814,1814,Fat
1815,1815,Tumor
1816,1816,Stroma
1817,1817,Fat
1818,1818,Fat
1819,1819,Stroma
1820,1820,Fat
1821,1821,Stroma
1822,1822,Fat
1823,1823,Fat
1824,1824,Fat
1825,1825,Stroma
1826,1826,Fat
1827,1827,Tumor
1828,1828,Fat
1829,1829,Fat
1830,1830,Fat
1831,1831,Fat
1832,1832,Fat
1833,1833,Stroma
1834,1834,Stroma
1835,1835,Fat
1836,1836,Fat
1837,1837,Stroma
1838,1838,Tumor
1839,1839,Stroma
1840,1840,Fat
1841,1841,Fat
1842,1842,Stroma
1843,1843,Tumor
1844,1844,Stroma
1845,1845,Stroma
1846,1846,Stroma
1847,1847,Tumor
1848,1848,Stroma
1849,1849,Fat
1850,1850,Stroma
1851,1851,Fat
1852,1852,Tumor
1853,1853,Fat
1854,1854,Fat
1855,1855,Fat
1856,1856,Fat
1857,1857,Fat
1858,1858,Stroma
1859,1859,Stroma
1860,1860,Fat
1861,1861,Fat
1862,1862,Tumor
1863,1863,Fat
1864,1864,Stroma
1865,1865,Stroma
1866,1866,Tumor
1867,1867,Stroma
1868,1868,Fat
1869,1869,Fat
1870,1870,Stroma
1871,1871,Fat
1872,1872,Stroma
1873,1873,Fat
1874,1874,Stroma
1875,1875,Stroma
1876,1876,Tumor
1877,1877,Tumor
1878,1878,Fat
1879,1879,Stroma
1880,1880,Stroma
1881,1881,Stroma
1882,1882,Fat
1883,1883,Stroma
1884,1884,Stroma
1885,1885,Stroma
1886,1886,Stroma
1887,1887,Tumor
1888,1888,Stroma
1889,1889,Fat
1890,1890,Stroma
1891,1891,Fat
1892,1892,Tumor
1893,1893,Tumor
1894,1894,Tumor
1895,1895,Fat
1896,1896,Tumor
1897,1897,Tumor
1898,1898,Stroma
1899,1899,Tumor
1900,1900,Fat
1901,1901,Tumor
1902,1902,Fat
1903,1903,Tumor
1904,1904,Stroma
1905,1905,Fat
1906,1906,Tumor
1907,1907,Stroma
1908,1908,Stroma
1909,1909,Tumor
1910,1910,Tumor
1911,1911,Stroma
1912,1912,Tumor
1913,1913,Fat
1914,1914,Stroma
1915,1915,Tumor
1916,1916,Tumor
1917,1917,Tumor
1918,1918,Fat
1919,1919,Fat
1920,1920,Tumor
1921,1921,Tumor
1922,1922,Tumor
1923,1923,Tumor
1924,1924,Tumor
1925,1925,Stroma
1926,1926,Stroma
1927,1927,Tumor
1928,1928,Tumor
1929,1929,Tumor
1930,1930,Fat
1931,1931,Tumor
1932,1932,Fat
1933,1933,Tumor
1934,1934,Stroma
1935,1935,Stroma
1936,1936,Tumor
1937,1937,Tumor
1938,1938,Fat
1939,1939,Fat
1940,1940,Fat
1941,1941,Tumor
1942,1942,Stroma
1943,1943,Stroma
1944,1944,Tumor
1945,1945,Stroma
1946,1946,Tumor
1947,1947,Stroma
1948,1948,Stroma
1949,1949,Stroma
1950,1950,Fat
1951,1951,Stroma
1952,1952,Fat
1953,1953,Fat
1954,1954,Fat
1955,1955,Fat
1956,1956,Fat
1957,1957,Tumor
1958,1958,Fat
1959,1959,Stroma
1960,1960,Fat
1961,1961,Stroma
1962,1962,Tumor
1963,1963,Tumor
1964,1964,Tumor
1965,1965,Stroma
1966,1966,Fat
1967,1967,Fat
1968,1968,Tumor
1969,1969,Tumor
1970,1970,Tumor
1971,1971,Stroma
1972,1972,Fat
1973,1973,Tumor
1974,1974,Tumor
1975,1975,Fat
1976,1976,Fat
1977,1977,Tumor
1978,1978,Tumor
1979,1979,Stroma
1980,1980,Stroma
1981,1981,Tumor
1982,1982,Stroma
1983,1983,Tumor
1984,1984,Tumor
1985,1985,Tumor
1986,1986,Tumor
1987,1987,Tumor
1988,1988,Stroma
1989,1989,Fat
1990,1990,Fat
1991,1991,Fat
1992,1992,Tumor
1993,1993,Stroma
1994,1994,Tumor
1995,1995,Tumor
1996,1996,Tumor
1997,1997,Stroma
1998,1998,Stroma
1999,1999,Tumor
2000,2000,Stroma
2001,2001,Tumor
2002,2002,Tumor
2003,2003,Tumor
2004,2004,Tumor
2005,2005,Fat
2006,2006,Fat
2007,2007,Stroma
2008,2008,Stroma
2009,2009,Fat
2010,2010,Stroma
2011,2011,Fat
2012,2012,Stroma
2013,2013,Tumor
2014,2014,Stroma
2015,2015,Tumor
2016,2016,Fat
2017,2017,Stroma
2018,2018,Fat
2019,2019,Stroma
2020,2020,Stroma
2021,2021,Fat
2022,2022,Stroma
2023,2023,Fat
2024,2024,Stroma
2025,2025,Stroma
2026,2026,Fat
2027,2027,Fat
2028,2028,Fat
2029,2029,Tumor
2030,2030,Fat
2031,2031,Fat
2032,2032,Stroma
2033,2033,Fat
2034,2034,Stroma
2035,2035,Fat
2036,2036,Stroma
2037,2037,Tumor
2038,2038,Fat
2039,2039,Tumor
2040,2040,Tumor
2041,2041,Stroma
2042,2042,Fat
2043,2043,Tumor
2044,2044,Tumor
2045,2045,Fat
2046,2046,Tumor
2047,2047,Stroma
2048,2048,Stroma
2049,2049,Fat
2050,2050,Tumor
2051,2051,Fat
2052,2052,Stroma
2053,2053,Fat
2054,2054,Fat
2055,2055,Stroma
2056,2056,Fat
2057,2057,Stroma
2058,2058,Tumor
2059,2059,Fat
2060,2060,Stroma
2061,2061,Fat
2062,2062,Fat
2063,2063,Fat
2064,2064,Tumor
2065,2065,Fat
2066,2066,Stroma
2067,2067,Stroma
2068,2068,Tumor
2069,2069,Stroma
2070,2070,Tumor
2071,2071,Fat
2072,2072,Stroma
2073,2073,Fat
2074,2074,Tumor
2075,2075,Stroma
2076,2076,Stroma
2077,2077,Fat
2078,2078,Fat
2079,2079,Stroma
2080,2080,Stroma
2081,2081,Fat
2082,2082,Fat
2083,2083,Stroma
2084,2084,Stroma
2085,2085,Fat
2086,2086,Fat
2087,2087,Stroma
2088,2088,Tumor
2089,2089,Tumor
2090,2090,Stroma
2091,2091,Fat
2092,2092,Tumor
2093,2093,Fat
2094,2094,Tumor
2095,2095,Fat
2096,2096,Tumor
2097,2097,Fat
2098,2098,Fat
2099,2099,Fat
2100,2100,Tumor
2101,2101,Stroma
2102,2102,Tumor
2103,2103,Fat
2104,2104,Fat
2105,2105,Stroma
2106,2106,Tumor
2107,2107,Tumor
2108,2108,Tumor
2109,2109,Fat
2110,2110,Stroma
2111,2111,Fat
2112,2112,Stroma
2113,2113,Tumor
2114,2114,Stroma
2115,2115,Fat
2116,2116,Stroma
2117,2117,Tumor
2118,2118,Fat
2119,2119,Fat
2120,2120,Stroma
2121,2121,Fat
2122,2122,Fat
2123,2123,Tumor
2124,2124,Tumor
2125,2125,Fat
2126,2126,Fat
2127,2127,Stroma
2128,2128,Stroma
2129,2129,Tumor
2130,2130,Tumor
2131,2131,Fat
2132,2132,Tumor
2133,2133,Stroma
2134,2134,Fat
2135,2135,Fat
2136,2136,Tumor
2137,2137,Stroma
2138,2138,Stroma
2139,2139,Stroma
2140,2140,Stroma
2141,2141,Stroma
2142,2142,Stroma
2143,2143,Fat
2144,2144,Tumor
2145,2145,Stroma
2146,2146,Stroma
2147,2147,Tumor
2148,2148,Fat
2149,2149,Fat
2150,2150,Tumor
2151,2151,Tumor
2152,2152,Fat
2153,2153,Tumor
2154,2154,Tumor
2155,2155,Stroma
2156,2156,Tumor
2157,2157,Stroma
2158,2158,Fat
2159,2159,Fat
2160,2160,Fat
2161,2161,Stroma
2162,2162,Fat
2163,2163,Stroma
2164,2164,Tumor
2165,2165,Fat
2166,2166,Fat
2167,2167,Fat
2168,2168,Stroma
2169,2169,Tumor
2170,2170,Stroma
2171,2171,Tumor
2172,2172,Stroma
2173,2173,Stroma
2174,2174,Fat
2175,2175,Stroma
2176,2176,Fat
2177,2177,Fat
2178,2178,Stroma
2179,2179,Stroma
2180,2180,Fat
2181,2181,Stroma
2182,2182,Stroma
2183,2183,Tumor
2184,2184,Tumor
2185,2185,Tumor
2186,2186,Stroma
2187,2187,Stroma
2188,2188,Fat
2189,2189,Stroma
2190,2190,Fat
2191,2191,Tumor
2192,2192,Stroma
2193,2193,Tumor
2194,2194,Stroma
2195,2195,Tumor
2196,2196,Fat
2197,2197,Fat
2198,2198,Tumor
2199,2199,Tumor
2200,2200,Stroma
2201,2201,Fat
2202,2202,Fat
2203,2203,Stroma
2204,2204,Tumor
2205,2205,Fat
2206,2206,Fat
2207,2207,Fat
2208,2208,Fat
2209,2209,Fat
2210,2210,Stroma
2211,2211,Tumor
2212,2212,Tumor
2213,2213,Stroma
2214,2214,Fat
2215,2215,Fat
2216,2216,Stroma
2217,2217,Fat
2218,2218,Stroma
2219,2219,Stroma
2220,2220,Tumor
2221,2221,Fat
2222,2222,Stroma
2223,2223,Stroma
2224,2224,Fat
2225,2225,Stroma
2226,2226,Stroma
2227,2227,Tumor
2228,2228,Stroma
2229,2229,Tumor
2230,2230,Stroma
2231,2231,Tumor
2232,2232,Fat
2233,2233,Stroma
2234,2234,Stroma
2235,2235,Tumor
2236,2236,Stroma
2237,2237,Tumor
2238,2238,Fat
2239,2239,Fat
2240,2240,Fat
2241,2241,Stroma
2242,2242,Fat
2243,2243,Tumor
2244,2244,Stroma
2245,2245,Tumor
2246,2246,Tumor
2247,2247,Stroma
2248,2248,Fat
2249,2249,Tumor
2250,2250,Tumor
2251,2251,Tumor
2252,2252,Stroma
2253,2253,Tumor
2254,2254,Stroma
2255,2255,Stroma
2256,2256,Stroma
2257,2257,Stroma
2258,2258,Stroma
2259,2259,Tumor
2260,2260,Tumor
2261,2261,Tumor
2262,2262,Tumor
2263,2263,Tumor
2264,2264,Stroma
2265,2265,Stroma
2266,2266,Fat
2267,2267,Stroma
2268,2268,Tumor
2269,2269,Tumor
2270,2270,Tumor
2271,2271,Fat
2272,2272,Stroma
2273,2273,Fat
2274,2274,Fat
2275,2275,Tumor
2276,2276,Stroma
2277,2277,Stroma
2278,2278,Stroma
2279,2279,Stroma
2280,2280,Tumor
2281,2281,Fat
2282,2282,Tumor
2283,2283,Tumor
2284,2284,Tumor
2285,2285,Stroma
2286,2286,Stroma
2287,2287,Fat
2288,2288,Tumor
2289,2289,Tumor
2290,2290,Tumor
2291,2291,Stroma
2292,2292,Stroma
2293,2293,Stroma
2294,2294,Tumor
2295,2295,Fat
2296,2296,Stroma
2297,2297,Tumor
2298,2298,Tumor
2299,2299,Fat
2300,2300,Fat
2301,2301,Fat
2302,2302,Stroma
2303,2303,Tumor
2304,2304,Stroma
2305,2305,Stroma
2306,2306,Stroma
2307,2307,Tumor
2308,2308,Stroma
2309,2309,Stroma
2310,2310,Stroma
2311,2311,Tumor
2312,2312,Tumor
2313,2313,Tumor
2314,2314,Fat
2315,2315,Fat
2316,2316,Stroma
2317,2317,Fat
2318,2318,Fat
2319,2319,Tumor
2320,2320,Stroma
2321,2321,Fat
2322,2322,Tumor
2323,2323,Fat
2324,2324,Stroma
2325,2325,Tumor
2326,2326,Stroma
2327,2327,Fat
2328,2328,Tumor
2329,2329,Fat
2330,2330,Stroma
2331,2331,Stroma
2332,2332,Stroma
2333,2333,Stroma
2334,2334,Stroma
2335,2335,Fat
2336,2336,Fat
2337,2337,Stroma
2338,2338,Tumor
2339,2339,Fat
2340,2340,Fat
2341,2341,Fat
2342,2342,Tumor
2343,2343,Stroma
2344,2344,Stroma
2345,2345,Stroma
2346,2346,Fat
2347,2347,Stroma
2348,2348,Stroma
2349,2349,Stroma
2350,2350,Tumor
2351,2351,Fat
2352,2352,Stroma
2353,2353,Stroma
2354,2354,Stroma
2355,2355,Stroma
2356,2356,Fat
2357,2357,Fat
2358,2358,Stroma
2359,2359,Fat
2360,2360,Tumor
2361,2361,Fat
2362,2362,Fat
2363,2363,Stroma
2364,2364,Tumor
2365,2365,Fat
2366,2366,Stroma
2367,2367,Tumor
2368,2368,Tumor
2369,2369,Fat
2370,2370,Fat
2371,2371,Stroma
2372,2372,Tumor
2373,2373,Stroma
2374,2374,Stroma
2375,2375,Fat
2376,2376,Stroma
2377,2377,Stroma
2378,2378,Fat
2379,2379,Stroma
2380,2380,Tumor
2381,2381,Fat
2382,2382,Tumor
2383,2383,Fat
2384,2384,Tumor
2385,2385,Tumor
2386,2386,Fat
2387,2387,Tumor
2388,2388,Fat
2389,2389,Stroma
2390,2390,Fat
2391,2391,Stroma
2392,2392,Fat
2393,2393,Stroma
2394,2394,Fat
2395,2395,Tumor
2396,2396,Tumor
2397,2397,Fat
2398,2398,Stroma
2399,2399,Tumor
2400,2400,Stroma
2401,2401,Stroma
2402,2402,Tumor
2403,2403,Tumor
2404,2404,Stroma
2405,2405,Stroma
2406,2406,Stroma
2407,2407,Tumor
2408,2408,Tumor
2409,2409,Fat
2410,2410,Stroma
2411,2411,Stroma
2412,2412,Stroma
2413,2413,Fat
2414,2414,Fat
2415,2415,Fat
2416,2416,Stroma
2417,2417,Fat
2418,2418,Fat
2419,2419,Fat
2420,2420,Tumor
2421,2421,Fat
2422,2422,Tumor
2423,2423,Fat
2424,2424,Tumor
2425,2425,Stroma
2426,2426,Stroma
2427,2427,Tumor
2428,2428,Tumor
2429,2429,Stroma
2430,2430,Fat
2431,2431,Stroma
2432,2432,Fat
2433,2433,Tumor
2434,2434,Fat
2435,2435,Stroma
2436,2436,Fat
2437,2437,Stroma
2438,2438,Fat
2439,2439,Fat
2440,2440,Fat
2441,2441,Stroma
2442,2442,Tumor
2443,2443,Tumor
2444,2444,Stroma
2445,2445,Tumor
2446,2446,Tumor
2447,2447,Stroma
2448,2448,Fat
2449,2449,Tumor
2450,2450,Stroma
2451,2451,Fat
2452,2452,Tumor
2453,2453,Stroma
2454,2454,Stroma
2455,2455,Tumor
2456,2456,Fat
2457,2457,Fat
2458,2458,Stroma
2459,2459,Tumor
2460,2460,Fat
2461,2461,Tumor
2462,2462,Tumor
2463,2463,Fat
2464,2464,Fat
2465,2465,Stroma
2466,2466,Fat
2467,2467,Fat
2468,2468,Stroma
2469,2469,Stroma
2470,2470,Stroma
2471,2471,Stroma
2472,2472,Tumor
2473,2473,Stroma
2474,2474,Fat
2475,2475,Stroma
2476,2476,Fat
2477,2477,Tumor
2478,2478,Stroma
2479,2479,Tumor
2480,2480,Tumor
2481,2481,Stroma
2482,2482,Stroma
2483,2483,Tumor
2484,2484,Tumor
2485,2485,Fat
2486,2486,Stroma
2487,2487,Stroma
2488,2488,Fat
2489,2489,Fat
2490,2490,Fat
2491,2491,Fat
2492,2492,Fat
2493,2493,Fat
2494,2494,Tumor
2495,2495,Tumor
2496,2496,Tumor
2497,2497,Fat
2498,2498,Tumor
2499,2499,Tumor
2500,2500,Stroma
2501,2501,Tumor
2502,2502,Tumor
2503,2503,Fat
2504,2504,Tumor
2505,2505,Fat
2506,2506,Fat
2507,2507,Fat
2508,2508,Stroma
2509,2509,Stroma
2510,2510,Fat
2511,2511,Stroma
2512,2512,Stroma
2513,2513,Tumor
2514,2514,Fat
2515,2515,Stroma
2516,2516,Fat
2517,2517,Fat
2518,2518,Stroma
2519,2519,Tumor
2520,2520,Tumor
2521,2521,Tumor
2522,2522,Stroma
2523,2523,Stroma
2524,2524,Tumor
2525,2525,Tumor
2526,2526,Tumor
2527,2527,Stroma
2528,2528,Tumor
2529,2529,Tumor
2530,2530,Tumor
2531,2531,Stroma
2532,2532,Fat
2533,2533,Tumor
2534,2534,Tumor
2535,2535,Stroma
2536,2536,Fat
2537,2537,Stroma
2538,2538,Tumor
2539,2539,Fat
2540,2540,Stroma
2541,2541,Stroma
2542,2542,Tumor
2543,2543,Tumor
2544,2544,Tumor
2545,2545,Stroma
2546,2546,Fat
2547,2547,Tumor
2548,2548,Tumor
2549,2549,Fat
2550,2550,Stroma
2551,2551,Fat
2552,2552,Stroma
2553,2553,Tumor
2554,2554,Tumor
2555,2555,Tumor
2556,2556,Stroma
2557,2557,Fat
2558,2558,Fat
2559,2559,Stroma
2560,2560,Fat
2561,2561,Tumor
2562,2562,Tumor
2563,2563,Tumor
2564,2564,Tumor
2565,2565,Tumor
2566,2566,Stroma
2567,2567,Fat
2568,2568,Stroma
2569,2569,Stroma
2570,2570,Fat
2571,2571,Stroma
2572,2572,Stroma
2573,2573,Stroma
2574,2574,Fat
2575,2575,Fat
2576,2576,Stroma
2577,2577,Tumor
2578,2578,Fat
2579,2579,Stroma
2580,2580,Tumor
2581,2581,Stroma
2582,2582,Fat
2583,2583,Fat
2584,2584,Stroma
2585,2585,Stroma
2586,2586,Fat
2587,2587,Fat
2588,2588,Tumor
2589,2589,Tumor
2590,2590,Fat
2591,2591,Fat
2592,2592,Fat
2593,2593,Fat
2594,2594,Tumor
2595,2595,Fat
2596,2596,Stroma
2597,2597,Fat
2598,2598,Stroma
2599,2599,Stroma
2600,2600,Stroma
2601,2601,Fat
2602,2602,Stroma
2603,2603,Stroma
2604,2604,Stroma
2605,2605,Fat
2606,2606,Fat
2607,2607,Stroma
2608,2608,Tumor
2609,2609,Stroma
2610,2610,Fat
2611,2611,Stroma
2612,2612,Fat
2613,2613,Fat
2614,2614,Stroma
2615,2615,Fat
2616,2616,Tumor
2617,2617,Tumor
2618,2618,Tumor
2619,2619,Stroma
2620,2620,Stroma
2621,2621,Stroma
2622,2622,Tumor
2623,2623,Stroma
2624,2624,Fat
2625,2625,Stroma
2626,2626,Tumor
2627,2627,Fat
2628,2628,Tumor
2629,2629,Fat
2630,2630,Fat
2631,2631,Fat
2632,2632,Stroma
2633,2633,Tumor
2634,2634,Tumor
2635,2635,Tumor
2636,2636,Fat
2637,2637,Tumor
2638,2638,Tumor
2639,2639,Fat
2640,2640,Fat
2641,2641,Stroma
2642,2642,Stroma
2643,2643,Tumor
2644,2644,Tumor
2645,2645,Stroma
2646,2646,Tumor
2647,2647,Stroma
2648,2648,Fat
2649,2649,Fat
2650,2650,Tumor
2651,2651,Tumor
2652,2652,Fat
2653,2653,Fat
2654,2654,Stroma
2655,2655,Tumor
2656,2656,Fat
2657,2657,Tumor
2658,2658,Stroma
2659,2659,Stroma
2660,2660,Tumor
2661,2661,Tumor
2662,2662,Tumor
2663,2663,Fat
2664,2664,Stroma
2665,2665,Fat
2666,2666,Fat
2667,2667,Stroma
2668,2668,Fat
2669,2669,Stroma
2670,2670,Tumor
2671,2671,Tumor
2672,2672,Tumor
2673,2673,Stroma
2674,2674,Tumor
2675,2675,Fat
2676,2676,Tumor
2677,2677,Tumor
2678,2678,Fat
2679,2679,Tumor
2680,2680,Tumor
2681,2681,Fat
2682,2682,Tumor
2683,2683,Fat
2684,2684,Tumor
2685,2685,Tumor
2686,2686,Fat
2687,2687,Tumor
2688,2688,Stroma
2689,2689,Fat
2690,2690,Tumor
2691,2691,Tumor
2692,2692,Tumor
2693,2693,Stroma
2694,2694,Stroma
2695,2695,Stroma
2696,2696,Fat
2697,2697,Fat
2698,2698,Fat
2699,2699,Tumor
2700,2700,Fat
2701,2701,Stroma
2702,2702,Tumor
2703,2703,Tumor
2704,2704,Fat
2705,2705,Fat
2706,2706,Stroma
2707,2707,Stroma
2708,2708,Tumor
2709,2709,Stroma
2710,2710,Tumor
2711,2711,Fat
2712,2712,Tumor
2713,2713,Tumor
2714,2714,Stroma
2715,2715,Tumor
2716,2716,Tumor
2717,2717,Tumor
2718,2718,Fat
2719,2719,Stroma
2720,2720,Stroma
2721,2721,Stroma
2722,2722,Fat
2723,2723,Tumor
2724,2724,Fat
2725,2725,Fat
2726,2726,Stroma
2727,2727,Tumor
2728,2728,Stroma
2729,2729,Tumor
2730,2730,Tumor
2731,2731,Fat
2732,2732,Stroma
2733,2733,Tumor
2734,2734,Tumor
2735,2735,Tumor
2736,2736,Stroma
2737,2737,Tumor
2738,2738,Stroma
2739,2739,Fat
2740,2740,Stroma
2741,2741,Fat
2742,2742,Fat
2743,2743,Tumor
2744,2744,Fat
2745,2745,Tumor
2746,2746,Stroma
2747,2747,Stroma
2748,2748,Tumor
2749,2749,Stroma
2750,2750,Fat
2751,2751,Stroma
2752,2752,Stroma
2753,2753,Stroma
2754,2754,Stroma
2755,2755,Stroma
2756,2756,Stroma
2757,2757,Tumor
2758,2758,Tumor
2759,2759,Fat
2760,2760,Tumor
2761,2761,Stroma
2762,2762,Tumor
2763,2763,Tumor
2764,2764,Tumor
2765,2765,Stroma
2766,2766,Stroma
2767,2767,Stroma
2768,2768,Tumor
2769,2769,Fat
2770,2770,Stroma
2771,2771,Fat
2772,2772,Fat
2773,2773,Tumor
2774,2774,Fat
2775,2775,Fat
2776,2776,Stroma
2777,2777,Tumor
2778,2778,Tumor
2779,2779,Tumor
2780,2780,Tumor
2781,2781,Tumor
2782,2782,Tumor
2783,2783,Stroma
2784,2784,Fat
2785,2785,Tumor
2786,2786,Fat
2787,2787,Tumor
2788,2788,Fat
2789,2789,Stroma
2790,2790,Fat
2791,2791,Stroma
2792,2792,Tumor
2793,2793,Tumor
2794,2794,Fat
2795,2795,Fat
2796,2796,Tumor
2797,2797,Fat
2798,2798,Tumor
2799,2799,Stroma
2800,2800,Stroma
2801,2801,Tumor
2802,2802,Fat
2803,2803,Fat
2804,2804,Stroma
2805,2805,Fat
2806,2806,Tumor
2807,2807,Stroma
2808,2808,Stroma
2809,2809,Stroma
2810,2810,Tumor
2811,2811,Stroma
2812,2812,Tumor
2813,2813,Tumor
2814,2814,Tumor
2815,2815,Fat
2816,2816,Fat
2817,2817,Stroma
2818,2818,Fat
2819,2819,Fat
2820,2820,Tumor
2821,2821,Stroma
2822,2822,Fat
2823,2823,Stroma
2824,2824,Stroma
2825,2825,Tumor
2826,2826,Fat
2827,2827,Fat
2828,2828,Tumor
2829,2829,Tumor
2830,2830,Stroma
2831,2831,Tumor
2832,2832,Stroma
2833,2833,Fat
2834,2834,Stroma
2835,2835,Tumor
2836,2836,Tumor
2837,2837,Tumor
2838,2838,Tumor
2839,2839,Stroma
2840,2840,Tumor
2841,2841,Fat
2842,2842,Fat
2843,2843,Stroma
2844,2844,Tumor
2845,2845,Tumor
2846,2846,Stroma
2847,2847,Tumor
2848,2848,Fat
2849,2849,Stroma
2850,2850,Fat
2851,2851,Stroma
2852,2852,Stroma
2853,2853,Fat
2854,2854,Tumor
2855,2855,Fat
2856,2856,Stroma
2857,2857,Stroma
2858,2858,Stroma
2859,2859,Fat
2860,2860,Stroma
2861,2861,Tumor
2862,2862,Fat
2863,2863,Fat
2864,2864,Stroma
2865,2865,Fat
2866,2866,Fat
2867,2867,Fat
2868,2868,Stroma
2869,2869,Fat
2870,2870,Tumor
2871,2871,Fat
2872,2872,Tumor
2873,2873,Stroma
2874,2874,Stroma
2875,2875,Fat
2876,2876,Tumor
2877,2877,Stroma
2878,2878,Fat
2879,2879,Tumor
2880,2880,Stroma
2881,2881,Tumor
2882,2882,Fat
2883,2883,Tumor
2884,2884,Stroma
2885,2885,Fat
2886,2886,Tumor
2887,2887,Tumor
2888,2888,Tumor
2889,2889,Tumor
2890,2890,Tumor
2891,2891,Tumor
2892,2892,Tumor
2893,2893,Tumor
2894,2894,Stroma
2895,2895,Tumor
2896,2896,Fat
2897,2897,Tumor
2898,2898,Fat
2899,2899,Fat
2900,2900,Tumor
2901,2901,Tumor
2902,2902,Tumor
2903,2903,Fat
2904,2904,Stroma
2905,2905,Stroma
2906,2906,Tumor
2907,2907,Fat
2908,2908,Tumor
2909,2909,Fat
2910,2910,Fat
2911,2911,Tumor
2912,2912,Stroma
2913,2913,Stroma
2914,2914,Stroma
2915,2915,Fat
2916,2916,Fat
2917,2917,Fat
2918,2918,Stroma
2919,2919,Stroma
2920,2920,Fat
2921,2921,Tumor
2922,2922,Fat
2923,2923,Stroma
2924,2924,Tumor
2925,2925,Tumor
2926,2926,Fat
2927,2927,Fat
2928,2928,Tumor
2929,2929,Tumor
2930,2930,Tumor
2931,2931,Stroma
2932,2932,Fat
2933,2933,Fat
2934,2934,Fat
2935,2935,Fat
2936,2936,Fat
2937,2937,Stroma
2938,2938,Tumor
2939,2939,Stroma
2940,2940,Tumor
2941,2941,Fat
2942,2942,Stroma
2943,2943,Stroma
2944,2944,Tumor
2945,2945,Fat
2946,2946,Stroma
2947,2947,Fat
2948,2948,Fat
2949,2949,Fat
2950,2950,Stroma
2951,2951,Tumor
2952,2952,Tumor
2953,2953,Stroma
2954,2954,Tumor
2955,2955,Fat
2956,2956,Fat
2957,2957,Stroma
2958,2958,Fat
2959,2959,Stroma
2960,2960,Stroma
2961,2961,Tumor
2962,2962,Fat
2963,2963,Stroma
2964,2964,Fat
2965,2965,Stroma
2966,2966,Stroma
2967,2967,Tumor
2968,2968,Tumor
2969,2969,Tumor
2970,2970,Fat
2971,2971,Fat
2972,2972,Tumor
2973,2973,Tumor
2974,2974,Tumor
2975,2975,Fat
2976,2976,Stroma
2977,2977,Stroma
2978,2978,Stroma
2979,2979,Stroma
2980,2980,Tumor
2981,2981,Tumor
2982,2982,Stroma
2983,2983,Stroma
2984,2984,Stroma
2985,2985,Fat
2986,2986,Tumor
2987,2987,Tumor
2988,2988,Tumor
2989,2989,Stroma
2990,2990,Fat
2991,2991,Stroma
2992,2992,Fat
2993,2993,Tumor
2994,2994,Fat
2995,2995,Stroma
2996,2996,Fat
2997,2997,Tumor
2998,2998,Stroma
2999,2999,Fat
3000,3000,Stroma
3001,3001,Fat
3002,3002,Stroma
3003,3003,Fat
3004,3004,Tumor
3005,3005,Tumor
3006,3006,Stroma
3007,3007,Tumor
3008,3008,Tumor
3009,3009,Fat
3010,3010,Fat
3011,3011,Tumor
3012,3012,Stroma
3013,3013,Stroma
3014,3014,Stroma
3015,3015,Tumor
3016,3016,Stroma
3017,3017,Stroma
3018,3018,Fat
3019,3019,Fat
3020,3020,Stroma
3021,3021,Stroma
3022,3022,Tumor
3023,3023,Tumor
3024,3024,Fat
3025,3025,Stroma
3026,3026,Tumor
3027,3027,Tumor
3028,3028,Stroma
3029,3029,Fat
3030,3030,Tumor
3031,3031,Fat
3032,3032,Tumor
3033,3033,Stroma
3034,3034,Fat
3035,3035,Fat
3036,3036,Fat
3037,3037,Stroma
3038,3038,Stroma
3039,3039,Tumor
3040,3040,Fat
3041,3041,Tumor
3042,3042,Tumor
3043,3043,Tumor
3044,3044,Stroma
3045,3045,Tumor
3046,3046,Stroma
3047,3047,Tumor
3048,3048,Stroma
3049,3049,Stroma
3050,3050,Fat
3051,3051,Fat
3052,3052,Fat
3053,3053,Tumor
3054,3054,Tumor
3055,3055,Stroma
3056,3056,Stroma
3057,3057,Tumor
3058,3058,Tumor
3059,3059,Stroma
3060,3060,Tumor
3061,3061,Fat
3062,3062,Fat
3063,3063,Fat
3064,3064,Stroma
3065,3065,Stroma
3066,3066,Fat
3067,3067,Stroma
3068,3068,Fat
3069,3069,Tumor
3070,3070,Fat
3071,3071,Fat
3072,3072,Stroma
3073,3073,Tumor
3074,3074,Fat
3075,3075,Fat
3076,3076,Stroma
3077,3077,Stroma
3078,3078,Fat
3079,3079,Fat
3080,3080,Tumor
3081,3081,Fat
3082,3082,Tumor
3083,3083,Tumor
3084,3084,Tumor
3085,3085,Fat
3086,3086,Tumor
3087,3087,Fat
3088,3088,Stroma
3089,3089,Fat
3090,3090,Fat
3091,3091,Stroma
3092,3092,Fat
3093,3093,Stroma
3094,3094,Tumor
3095,3095,Fat
3096,3096,Fat
3097,3097,Fat
3098,3098,Tumor
3099,3099,Fat
3100,3100,Tumor
3101,3101,Tumor
3102,3102,Stroma
3103,3103,Tumor
3104,3104,Stroma
3105,3105,Tumor
3106,3106,Stroma
3107,3107,Tumor
3108,3108,Fat
3109,3109,Stroma
3110,3110,Fat
3111,3111,Stroma
3112,3112,Tumor
3113,3113,Stroma
3114,3114,Tumor
3115,3115,Stroma
3116,3116,Stroma
3117,3117,Tumor
3118,3118,Tumor
3119,3119,Fat
3120,3120,Stroma
3121,3121,Stroma
3122,3122,Tumor
3123,3123,Fat
3124,3124,Stroma
3125,3125,Stroma
3126,3126,Tumor
3127,3127,Stroma
3128,3128,Stroma
3129,3129,Tumor
3130,3130,Fat
3131,3131,Tumor
3132,3132,Tumor
3133,3133,Tumor
3134,3134,Fat
3135,3135,Fat
3136,3136,Stroma
3137,3137,Stroma
3138,3138,Fat
3139,3139,Tumor
3140,3140,Fat
3141,3141,Stroma
3142,3142,Tumor
3143,3143,Tumor
3144,3144,Stroma
3145,3145,Tumor
3146,3146,Tumor
3147,3147,Stroma
3148,3148,Stroma
3149,3149,Tumor
3150,3150,Stroma
3151,3151,Tumor
3152,3152,Stroma
3153,3153,Tumor
3154,3154,Stroma
3155,3155,Fat
3156,3156,Fat
3157,3157,Tumor
3158,3158,Tumor
3159,3159,Tumor
3160,3160,Stroma
3161,3161,Fat
3162,3162,Tumor
3163,3163,Stroma
3164,3164,Tumor
3165,3165,Stroma
3166,3166,Tumor
3167,3167,Tumor
3168,3168,Fat
3169,3169,Fat
3170,3170,Fat
3171,3171,Tumor
3172,3172,Stroma
3173,3173,Stroma
3174,3174,Tumor
3175,3175,Stroma
3176,3176,Tumor
3177,3177,Tumor
3178,3178,Fat
3179,3179,Fat
3180,3180,Fat
3181,3181,Stroma
3182,3182,Tumor
3183,3183,Stroma
3184,3184,Fat
3185,3185,Tumor
3186,3186,Fat
3187,3187,Stroma
3188,3188,Fat
3189,3189,Stroma
3190,3190,Tumor
3191,3191,Stroma
3192,3192,Tumor
3193,3193,Fat
3194,3194,Tumor
3195,3195,Stroma
3196,3196,Stroma
3197,3197,Tumor
3198,3198,Stroma
3199,3199,Tumor
3200,3200,Fat
3201,3201,Stroma
3202,3202,Stroma
3203,3203,Tumor
3204,3204,Tumor
3205,3205,Stroma
3206,3206,Tumor
3207,3207,Fat
3208,3208,Stroma
3209,3209,Stroma
3210,3210,Stroma
3211,3211,Fat
3212,3212,Fat
3213,3213,Stroma
3214,3214,Stroma
3215,3215,Stroma
3216,3216,Fat
3217,3217,Tumor
3218,3218,Fat
3219,3219,Tumor
3220,3220,Tumor
3221,3221,Stroma
3222,3222,Fat
3223,3223,Stroma
3224,3224,Fat
3225,3225,Fat
3226,3226,Stroma
3227,3227,Fat
3228,3228,Fat
3229,3229,Tumor
3230,3230,Tumor
3231,3231,Tumor
3232,3232,Stroma
3233,3233,Fat
3234,3234,Fat
3235,3235,Tumor
3236,3236,Fat
3237,3237,Stroma
3238,3238,Tumor
3239,3239,Tumor
3240,3240,Stroma
3241,3241,Fat
3242,3242,Fat
3243,3243,Fat
3244,3244,Stroma
3245,3245,Tumor
3246,3246,Fat
3247,3247,Fat
3248,3248,Stroma
3249,3249,Tumor
3250,3250,Stroma
3251,3251,Stroma
3252,3252,Fat
3253,3253,Tumor
3254,3254,Stroma
3255,3255,Fat
3256,3256,Fat
3257,3257,Tumor
3258,3258,Tumor
3259,3259,Fat
3260,3260,Tumor
3261,3261,Tumor
3262,3262,Tumor
3263,3263,Tumor
3264,3264,Stroma
3265,3265,Tumor
3266,3266,Tumor
3267,3267,Stroma
3268,3268,Stroma
3269,3269,Stroma
3270,3270,Tumor
3271,3271,Stroma
3272,3272,Fat
3273,3273,Fat
3274,3274,Fat
3275,3275,Tumor
3276,3276,Tumor
3277,3277,Tumor
3278,3278,Fat
3279,3279,Fat
3280,3280,Tumor
3281,3281,Stroma
3282,3282,Stroma
3283,3283,Fat
3284,3284,Tumor
3285,3285,Stroma
3286,3286,Fat
3287,3287,Fat
3288,3288,Stroma
3289,3289,Stroma
3290,3290,Tumor
3291,3291,Tumor
3292,3292,Fat
3293,3293,Stroma
3294,3294,Tumor
3295,3295,Fat
3296,3296,Stroma
3297,3297,Tumor
3298,3298,Tumor
3299,3299,Tumor
3300,3300,Fat
3301,3301,Tumor
3302,3302,Fat
3303,3303,Tumor
3304,3304,Fat
3305,3305,Fat
3306,3306,Stroma
3307,3307,Stroma
3308,3308,Fat
3309,3309,Fat
3310,3310,Fat
3311,3311,Stroma
3312,3312,Tumor
3313,3313,Fat
3314,3314,Tumor
3315,3315,Stroma
3316,3316,Fat
3317,3317,Fat
3318,3318,Tumor
3319,3319,Stroma
3320,3320,Stroma
3321,3321,Fat
3322,3322,Fat
3323,3323,Stroma
3324,3324,Stroma
3325,3325,Tumor
3326,3326,Fat
3327,3327,Fat
3328,3328,Stroma
3329,3329,Fat
3330,3330,Stroma
3331,3331,Tumor
3332,3332,Fat
3333,3333,Tumor
3334,3334,Stroma
3335,3335,Tumor
3336,3336,Stroma
3337,3337,Fat
3338,3338,Fat
3339,3339,Tumor
3340,3340,Stroma
3341,3341,Fat
3342,3342,Tumor
3343,3343,Stroma
3344,3344,Stroma
3345,3345,Tumor
3346,3346,Tumor
3347,3347,Tumor
3348,3348,Fat
3349,3349,Fat
3350,3350,Fat
3351,3351,Tumor
3352,3352,Stroma
3353,3353,Tumor
3354,3354,Fat
3355,3355,Tumor
3356,3356,Fat
3357,3357,Stroma
3358,3358,Stroma
3359,3359,Stroma
3360,3360,Tumor
3361,3361,Tumor
3362,3362,Fat
3363,3363,Fat
3364,3364,Stroma
3365,3365,Stroma
3366,3366,Tumor
3367,3367,Fat
3368,3368,Stroma
3369,3369,Tumor
3370,3370,Tumor
3371,3371,Stroma
3372,3372,Fat
3373,3373,Fat
3374,3374,Fat
3375,3375,Stroma
3376,3376,Stroma
3377,3377,Tumor
3378,3378,Tumor
3379,3379,Fat
3380,3380,Stroma
3381,3381,Stroma
3382,3382,Stroma
3383,3383,Tumor
3384,3384,Stroma
3385,3385,Fat
3386,3386,Tumor
3387,3387,Tumor
3388,3388,Tumor
3389,3389,Stroma
3390,3390,Stroma
3391,3391,Fat
3392,3392,Stroma
3393,3393,Stroma
3394,3394,Stroma
3395,3395,Stroma
3396,3396,Tumor
3397,3397,Tumor
3398,3398,Tumor
3399,3399,Tumor
3400,3400,Fat
3401,3401,Tumor
3402,3402,Tumor
3403,3403,Fat
3404,3404,Tumor
3405,3405,Tumor
3406,3406,Stroma
3407,3407,Fat
3408,3408,Fat
3409,3409,Tumor
3410,3410,Tumor
3411,3411,Stroma
3412,3412,Fat
3413,3413,Tumor
3414,3414,Stroma
3415,3415,Tumor
3416,3416,Stroma
3417,3417,Stroma
3418,3418,Fat
3419,3419,Fat
3420,3420,Tumor
3421,3421,Tumor
3422,3422,Fat
3423,3423,Tumor
3424,3424,Stroma
3425,3425,Tumor
3426,3426,Stroma
3427,3427,Fat
3428,3428,Tumor
3429,3429,Fat
3430,3430,Tumor
3431,3431,Tumor
3432,3432,Tumor
3433,3433,Fat
3434,3434,Fat
3435,3435,Tumor
3436,3436,Tumor
3437,3437,Tumor
3438,3438,Stroma
3439,3439,Fat
3440,3440,Fat
3441,3441,Stroma
3442,3442,Stroma
3443,3443,Stroma
3444,3444,Stroma
3445,3445,Stroma
3446,3446,Tumor
3447,3447,Tumor
3448,3448,Tumor
3449,3449,Fat
3450,3450,Stroma
3451,3451,Stroma
3452,3452,Fat
3453,3453,Tumor
3454,3454,Tumor
3455,3455,Tumor
3456,3456,Stroma
3457,3457,Stroma
3458,3458,Tumor
3459,3459,Stroma
3460,3460,Fat
3461,3461,Fat
3462,3462,Fat
3463,3463,Tumor
3464,3464,Tumor
3465,3465,Fat
3466,3466,Stroma
3467,3467,Fat
3468,3468,Fat
3469,3469,Tumor
3470,3470,Stroma
3471,3471,Fat
3472,3472,Tumor
3473,3473,Tumor
3474,3474,Tumor
3475,3475,Fat
3476,3476,Stroma
3477,3477,Tumor
3478,3478,Stroma
3479,3479,Fat
3480,3480,Tumor
3481,3481,Fat
3482,3482,Stroma
3483,3483,Stroma
3484,3484,Fat
3485,3485,Stroma
3486,3486,Stroma
3487,3487,Tumor
3488,3488,Fat
3489,3489,Stroma
3490,3490,Tumor
3491,3491,Fat
3492,3492,Fat
3493,3493,Fat
3494,3494,Stroma
3495,3495,Tumor
3496,3496,Fat
3497,3497,Fat
3498,3498,Tumor
3499,3499,Stroma
3500,3500,Stroma
3501,3501,Stroma
3502,3502,Fat
3503,3503,Tumor
3504,3504,Stroma
3505,3505,Tumor
3506,3506,Tumor
3507,3507,Fat
3508,3508,Tumor
3509,3509,Stroma
3510,3510,Stroma
3511,3511,Tumor
3512,3512,Fat
3513,3513,Fat
3514,3514,Fat
3515,3515,Fat
3516,3516,Fat
3517,3517,Fat
3518,3518,Fat
3519,3519,Stroma
3520,3520,Stroma
3521,3521,Tumor
3522,3522,Stroma
3523,3523,Tumor
3524,3524,Stroma
3525,3525,Tumor
3526,3526,Tumor
3527,3527,Fat
3528,3528,Stroma
3529,3529,Tumor
3530,3530,Tumor
3531,3531,Fat
3532,3532,Fat
3533,3533,Stroma
3534,3534,Stroma
3535,3535,Fat
3536,3536,Fat
3537,3537,Tumor
3538,3538,Stroma
3539,3539,Tumor
3540,3540,Tumor
3541,3541,Stroma
3542,3542,Tumor
3543,3543,Tumor
3544,3544,Tumor
3545,3545,Tumor
3546,3546,Tumor
3547,3547,Stroma
3548,3548,Stroma
3549,3549,Tumor
3550,3550,Stroma
3551,3551,Fat
3552,3552,Stroma
3553,3553,Fat
3554,3554,Fat
3555,3555,Fat
3556,3556,Stroma
3557,3557,Stroma
3558,3558,Fat
3559,3559,Tumor
3560,3560,Stroma
3561,3561,Tumor
3562,3562,Stroma
3563,3563,Stroma
3564,3564,Stroma
3565,3565,Tumor
3566,3566,Stroma
3567,3567,Tumor
3568,3568,Stroma
3569,3569,Stroma
3570,3570,Stroma
3571,3571,Stroma
3572,3572,Tumor
3573,3573,Fat
3574,3574,Fat
3575,3575,Tumor
3576,3576,Fat
3577,3577,Fat
3578,3578,Fat
3579,3579,Tumor
3580,3580,Fat
3581,3581,Tumor
3582,3582,Fat
3583,3583,Stroma
3584,3584,Stroma
3585,3585,Fat
3586,3586,Fat
3587,3587,Fat
3588,3588,Tumor
3589,3589,Tumor
3590,3590,Tumor
3591,3591,Stroma
3592,3592,Stroma
3593,3593,Tumor
3594,3594,Fat
3595,3595,Tumor
3596,3596,Fat
3597,3597,Tumor
3598,3598,Stroma
3599,3599,Fat
3600,3600,Stroma
3601,3601,Fat
3602,3602,Fat
3603,3603,Fat
3604,3604,Stroma
3605,3605,Fat
3606,3606,Stroma
3607,3607,Stroma
3608,3608,Tumor
3609,3609,Fat
3610,3610,Stroma
3611,3611,Stroma
3612,3612,Fat
3613,3613,Tumor
3614,3614,Fat
3615,3615,Stroma
3616,3616,Tumor
3617,3617,Fat
3618,3618,Fat
3619,3619,Fat
3620,3620,Fat
3621,3621,Tumor
3622,3622,Stroma
3623,3623,Stroma
3624,3624,Fat
3625,3625,Fat
3626,3626,Stroma
3627,3627,Tumor
3628,3628,Tumor
3629,3629,Stroma
3630,3630,Fat
3631,3631,Tumor
3632,3632,Stroma
3633,3633,Tumor
3634,3634,Tumor
3635,3635,Fat
3636,3636,Fat
3637,3637,Fat
3638,3638,Stroma
3639,3639,Stroma
3640,3640,Stroma
3641,3641,Tumor
3642,3642,Fat
3643,3643,Tumor
3644,3644,Fat
3645,3645,Stroma
3646,3646,Stroma
3647,3647,Fat
3648,3648,Tumor
3649,3649,Fat
3650,3650,Fat
3651,3651,Stroma
3652,3652,Fat
3653,3653,Fat
3654,3654,Stroma
3655,3655,Fat
3656,3656,Stroma
3657,3657,Tumor
3658,3658,Tumor
3659,3659,Fat
3660,3660,Tumor
3661,3661,Stroma
3662,3662,Stroma
3663,3663,Tumor
3664,3664,Fat
3665,3665,Tumor
3666,3666,Tumor
3667,3667,Stroma
3668,3668,Stroma
3669,3669,Stroma
3670,3670,Tumor
3671,3671,Tumor
3672,3672,Fat
3673,3673,Fat
3674,3674,Tumor
3675,3675,Tumor
3676,3676,Stroma
3677,3677,Fat
3678,3678,Stroma
3679,3679,Tumor
3680,3680,Stroma
3681,3681,Fat
3682,3682,Fat
3683,3683,Fat
3684,3684,Fat
3685,3685,Tumor
3686,3686,Fat
3687,3687,Stroma
3688,3688,Fat
3689,3689,Fat
3690,3690,Fat
3691,3691,Stroma
3692,3692,Fat
3693,3693,Stroma
3694,3694,Stroma
3695,3695,Tumor
3696,3696,Fat
3697,3697,Tumor
3698,3698,Tumor
3699,3699,Stroma
3700,3700,Stroma
3701,3701,Fat
3702,3702,Stroma
3703,3703,Stroma
3704,3704,Tumor
3705,3705,Fat
3706,3706,Fat
3707,3707,Tumor
3708,3708,Tumor
3709,3709,Fat
3710,3710,Fat
3711,3711,Tumor
3712,3712,Tumor
3713,3713,Fat
3714,3714,Tumor
3715,3715,Stroma
3716,3716,Fat
3717,3717,Stroma
3718,3718,Fat
3719,3719,Tumor
3720,3720,Tumor
3721,3721,Fat
3722,3722,Tumor
3723,3723,Fat
3724,3724,Stroma
3725,3725,Fat
3726,3726,Fat
3727,3727,Tumor
3728,3728,Tumor
3729,3729,Stroma
3730,3730,Tumor
3731,3731,Fat
3732,3732,Fat
3733,3733,Fat
3734,3734,Stroma
3735,3735,Stroma
3736,3736,Stroma
3737,3737,Stroma
3738,3738,Tumor
3739,3739,Stroma
3740,3740,Tumor
3741,3741,Stroma
3742,3742,Stroma
3743,3743,Stroma
3744,3744,Tumor
3745,3745,Tumor
3746,3746,Fat
3747,3747,Tumor
3748,3748,Stroma
3749,3749,Stroma
3750,3750,Fat
3751,3751,Tumor
3752,3752,Stroma
3753,3753,Stroma
3754,3754,Stroma
3755,3755,Stroma
3756,3756,Tumor
3757,3757,Fat
3758,3758,Tumor
3759,3759,Tumor
3760,3760,Stroma
3761,3761,Tumor
3762,3762,Fat
3763,3763,Fat
3764,3764,Stroma
3765,3765,Tumor
3766,3766,Stroma
3767,3767,Stroma
3768,3768,Fat
3769,3769,Tumor
3770,3770,Tumor
3771,3771,Tumor
3772,3772,Tumor
3773,3773,Fat
3774,3774,Stroma
3775,3775,Tumor
3776,3776,Stroma
3777,3777,Stroma
3778,3778,Tumor
3779,3779,Stroma
3780,3780,Stroma
3781,3781,Fat
3782,3782,Stroma
3783,3783,Tumor
3784,3784,Fat
3785,3785,Stroma
3786,3786,Fat
3787,3787,Fat
3788,3788,Tumor
3789,3789,Fat
3790,3790,Tumor
3791,3791,Tumor
3792,3792,Fat
3793,3793,Stroma
3794,3794,Tumor
3795,3795,Fat
3796,3796,Fat
3797,3797,Stroma
3798,3798,Stroma
3799,3799,Stroma
3800,3800,Tumor
3801,3801,Fat
3802,3802,Stroma
3803,3803,Fat
3804,3804,Stroma
3805,3805,Fat
3806,3806,Tumor
3807,3807,Stroma
3808,3808,Tumor
3809,3809,Fat
3810,3810,Fat
3811,3811,Tumor
3812,3812,Tumor
3813,3813,Stroma
3814,3814,Stroma
3815,3815,Fat
3816,3816,Tumor
3817,3817,Tumor
3818,3818,Tumor
3819,3819,Tumor
3820,3820,Fat
3821,3821,Stroma
3822,3822,Fat
3823,3823,Fat
3824,3824,Tumor
3825,3825,Stroma
3826,3826,Tumor
3827,3827,Fat
3828,3828,Tumor
3829,3829,Fat
3830,3830,Stroma
3831,3831,Stroma
3832,3832,Tumor
3833,3833,Fat
3834,3834,Tumor
3835,3835,Tumor
3836,3836,Fat
3837,3837,Fat
3838,3838,Stroma
3839,3839,Tumor
3840,3840,Fat
3841,3841,Tumor
3842,3842,Stroma
3843,3843,Stroma
3844,3844,Tumor
3845,3845,Stroma
3846,3846,Fat
3847,3847,Stroma
3848,3848,Fat
3849,3849,Stroma
3850,3850,Fat
3851,3851,Fat
3852,3852,Stroma
3853,3853,Tumor
3854,3854,Stroma
3855,3855,Fat
3856,3856,Stroma
3857,3857,Stroma
3858,3858,Tumor
3859,3859,Fat
3860,3860,Stroma
3861,3861,Fat
3862,3862,Fat
3863,3863,Stroma
3864,3864,Tumor
3865,3865,Fat
3866,3866,Stroma
3867,3867,Stroma
3868,3868,Tumor
3869,3869,Fat
3870,3870,Tumor
3871,3871,Tumor
3872,3872,Stroma
3873,3873,Fat
3874,3874,Stroma
3875,3875,Fat
3876,3876,Fat
3877,3877,Stroma
3878,3878,Stroma
3879,3879,Stroma
3880,3880,Fat
3881,3881,Stroma
3882,3882,Fat
3883,3883,Tumor
3884,3884,Stroma
3885,3885,Fat
3886,3886,Tumor
3887,3887,Fat
3888,3888,Stroma
3889,3889,Tumor
3890,3890,Tumor
3891,3891,Stroma
3892,3892,Stroma
3893,3893,Fat
3894,3894,Tumor
3895,3895,Fat
3896,3896,Tumor
3897,3897,Fat
3898,3898,Stroma
3899,3899,Fat
3900,3900,Tumor
3901,3901,Fat
3902,3902,Tumor
3903,3903,Tumor
3904,3904,Fat
3905,3905,Fat
3906,3906,Stroma
3907,3907,Fat
3908,3908,Stroma
3909,3909,Stroma
3910,3910,Tumor
3911,3911,Fat
3912,3912,Fat
3913,3913,Fat
3914,3914,Stroma
3915,3915,Tumor
3916,3916,Fat
3917,3917,Fat
3918,3918,Stroma
3919,3919,Fat
3920,3920,Fat
3921,3921,Stroma
3922,3922,Fat
3923,3923,Stroma
3924,3924,Fat
3925,3925,Fat
3926,3926,Fat
3927,3927,Fat
3928,3928,Tumor
3929,3929,Stroma
3930,3930,Stroma
3931,3931,Tumor
3932,3932,Stroma
3933,3933,Stroma
3934,3934,Tumor
3935,3935,Tumor
3936,3936,Stroma
3937,3937,Stroma
3938,3938,Fat
3939,3939,Stroma
3940,3940,Tumor
3941,3941,Tumor
3942,3942,Fat
3943,3943,Fat
3944,3944,Tumor
3945,3945,Stroma
3946,3946,Fat
3947,3947,Stroma
3948,3948,Tumor
3949,3949,Stroma
3950,3950,Stroma
3951,3951,Fat
3952,3952,Fat
3953,3953,Stroma
3954,3954,Stroma
3955,3955,Fat
3956,3956,Tumor
3957,3957,Fat
3958,3958,Tumor
3959,3959,Tumor
3960,3960,Stroma
3961,3961,Tumor
3962,3962,Tumor
3963,3963,Fat
3964,3964,Tumor
3965,3965,Stroma
3966,3966,Fat
3967,3967,Tumor
3968,3968,Tumor
3969,3969,Tumor
3970,3970,Tumor
3971,3971,Fat
3972,3972,Tumor
3973,3973,Stroma
3974,3974,Stroma
3975,3975,Tumor
3976,3976,Fat
3977,3977,Fat
3978,3978,Tumor
3979,3979,Tumor
3980,3980,Stroma
3981,3981,Stroma
3982,3982,Stroma
3983,3983,Stroma
3984,3984,Stroma
3985,3985,Tumor
3986,3986,Fat
3987,3987,Stroma
3988,3988,Stroma
3989,3989,Tumor
3990,3990,Tumor
3991,3991,Stroma
3992,3992,Stroma
3993,3993,Fat
3994,3994,Fat
3995,3995,Tumor
3996,3996,Stroma
3997,3997,Tumor
3998,3998,Stroma
3999,3999,Stroma
4000,4000,Fat
4001,4001,Fat
4002,4002,Tumor
4003,4003,Stroma
4004,4004,Fat
4005,4005,Fat
4006,4006,Fat
4007,4007,Fat
4008,4008,Fat
4009,4009,Tumor
4010,4010,Stroma
4011,4011,Stroma
4012,4012,Tumor
4013,4013,Tumor
4014,4014,Stroma
4015,4015,Tumor
4016,4016,Tumor
4017,4017,Fat
4018,4018,Fat
4019,4019,Tumor
4020,4020,Tumor
4021,4021,Stroma
4022,4022,Stroma
4023,4023,Tumor
4024,4024,Fat
4025,4025,Fat
4026,4026,Fat
4027,4027,Fat
4028,4028,Stroma
4029,4029,Stroma
4030,4030,Stroma
4031,4031,Fat
4032,4032,Tumor
4033,4033,Tumor
4034,4034,Fat
4035,4035,Fat
4036,4036,Tumor
4037,4037,Tumor
4038,4038,Stroma
4039,4039,Tumor
4040,4040,Fat
4041,4041,Fat
4042,4042,Tumor
4043,4043,Tumor
4044,4044,Tumor
4045,4045,Fat
4046,4046,Tumor
4047,4047,Fat
4048,4048,Fat
4049,4049,Stroma
4050,4050,Tumor
4051,4051,Fat
4052,4052,Tumor
4053,4053,Stroma
4054,4054,Tumor
4055,4055,Fat
4056,4056,Fat
4057,4057,Fat
4058,4058,Fat
4059,4059,Tumor
4060,4060,Fat
4061,4061,Stroma
4062,4062,Stroma
4063,4063,Fat
4064,4064,Stroma
4065,4065,Stroma
4066,4066,Stroma
4067,4067,Stroma
4068,4068,Stroma
4069,4069,Tumor
4070,4070,Fat
4071,4071,Tumor
4072,4072,Fat
4073,4073,Fat
4074,4074,Stroma
4075,4075,Stroma
4076,4076,Tumor
4077,4077,Fat
4078,4078,Fat
4079,4079,Stroma
4080,4080,Stroma
4081,4081,Fat
4082,4082,Stroma
4083,4083,Stroma
4084,4084,Fat
4085,4085,Tumor
4086,4086,Tumor
4087,4087,Fat
4088,4088,Tumor
4089,4089,Tumor
4090,4090,Fat
4091,4091,Fat
4092,4092,Fat
4093,4093,Tumor
4094,4094,Tumor
4095,4095,Stroma
4096,4096,Stroma
4097,4097,Stroma
4098,4098,Tumor
4099,4099,Stroma
4100,4100,Stroma
4101,4101,Fat
4102,4102,Stroma
4103,4103,Fat
4104,4104,Tumor
4105,4105,Fat
4106,4106,Fat
4107,4107,Fat
4108,4108,Fat
4109,4109,Tumor
4110,4110,Fat
4111,4111,Stroma
4112,4112,Stroma
4113,4113,Fat
4114,4114,Stroma
4115,4115,Tumor
4116,4116,Tumor
4117,4117,Tumor
4118,4118,Fat
4119,4119,Fat
4120,4120,Fat
4121,4121,Tumor
4122,4122,Fat
4123,4123,Fat
4124,4124,Stroma
4125,4125,Fat
4126,4126,Stroma
4127,4127,Stroma
4128,4128,Tumor
4129,4129,Stroma
4130,4130,Tumor
4131,4131,Fat
4132,4132,Fat
4133,4133,Fat
4134,4134,Tumor
4135,4135,Tumor
4136,4136,Fat
4137,4137,Stroma
4138,4138,Fat
4139,4139,Fat
4140,4140,Stroma
4141,4141,Tumor
4142,4142,Fat
4143,4143,Stroma
4144,4144,Stroma
4145,4145,Tumor
4146,4146,Stroma
4147,4147,Fat
4148,4148,Tumor
4149,4149,Tumor
4150,4150,Stroma
4151,4151,Tumor
4152,4152,Tumor
4153,4153,Stroma
4154,4154,Tumor
4155,4155,Fat
4156,4156,Fat
4157,4157,Stroma
4158,4158,Fat
4159,4159,Stroma
4160,4160,Stroma
4161,4161,Stroma
4162,4162,Tumor
4163,4163,Stroma
4164,4164,Fat
4165,4165,Fat
4166,4166,Fat
4167,4167,Tumor
4168,4168,Tumor
4169,4169,Fat
4170,4170,Stroma
4171,4171,Tumor
4172,4172,Fat
4173,4173,Fat
4174,4174,Tumor
4175,4175,Stroma
4176,4176,Stroma
4177,4177,Tumor
4178,4178,Fat
4179,4179,Fat
4180,4180,Fat
4181,4181,Stroma
4182,4182,Tumor
4183,4183,Tumor
4184,4184,Stroma
4185,4185,Tumor
4186,4186,Tumor
4187,4187,Tumor
4188,4188,Tumor
4189,4189,Fat
4190,4190,Tumor
4191,4191,Fat
4192,4192,Stroma
4193,4193,Stroma
4194,4194,Fat
4195,4195,Stroma
4196,4196,Tumor
4197,4197,Fat
4198,4198,Fat
4199,4199,Fat
4200,4200,Fat
4201,4201,Tumor
4202,4202,Tumor
4203,4203,Stroma
4204,4204,Tumor
4205,4205,Tumor
4206,4206,Stroma
4207,4207,Stroma
4208,4208,Fat
4209,4209,Stroma
4210,4210,Tumor
4211,4211,Tumor
4212,4212,Stroma
4213,4213,Tumor
4214,4214,Tumor
4215,4215,Stroma
4216,4216,Fat
4217,4217,Fat
4218,4218,Stroma
4219,4219,Fat
4220,4220,Fat
4221,4221,Tumor
4222,4222,Stroma
4223,4223,Tumor
4224,4224,Stroma
4225,4225,Tumor
4226,4226,Tumor
4227,4227,Fat
4228,4228,Stroma
4229,4229,Fat
4230,4230,Fat
4231,4231,Tumor
4232,4232,Fat
4233,4233,Fat
4234,4234,Stroma
4235,4235,Stroma
4236,4236,Stroma
4237,4237,Stroma
4238,4238,Tumor
4239,4239,Stroma
4240,4240,Stroma
4241,4241,Tumor
4242,4242,Stroma
4243,4243,Fat
4244,4244,Tumor
4245,4245,Stroma
4246,4246,Stroma
4247,4247,Stroma
4248,4248,Tumor
4249,4249,Stroma
4250,4250,Tumor
4251,4251,Tumor
4252,4252,Stroma
4253,4253,Stroma
4254,4254,Fat
4255,4255,Stroma
4256,4256,Tumor
4257,4257,Tumor
4258,4258,Stroma
4259,4259,Tumor
4260,4260,Stroma
4261,4261,Fat
4262,4262,Fat
4263,4263,Tumor
4264,4264,Tumor
4265,4265,Tumor
4266,4266,Fat
4267,4267,Stroma
4268,4268,Stroma
4269,4269,Stroma
4270,4270,Tumor
4271,4271,Fat
4272,4272,Stroma
4273,4273,Tumor
4274,4274,Tumor
4275,4275,Fat
4276,4276,Tumor
4277,4277,Fat
4278,4278,Stroma
4279,4279,Tumor
4280,4280,Fat
4281,4281,Stroma
4282,4282,Stroma
4283,4283,Tumor
4284,4284,Tumor
4285,4285,Fat
4286,4286,Fat
4287,4287,Tumor
4288,4288,Stroma
4289,4289,Stroma
4290,4290,Tumor
4291,4291,Tumor
4292,4292,Stroma
4293,4293,Fat
4294,4294,Fat
4295,4295,Tumor
4296,4296,Stroma
4297,4297,Stroma
4298,4298,Stroma
4299,4299,Tumor
4300,4300,Fat
4301,4301,Stroma
4302,4302,Tumor
4303,4303,Fat
4304,4304,Fat
4305,4305,Stroma
4306,4306,Fat
4307,4307,Stroma
4308,4308,Stroma
4309,4309,Stroma
4310,4310,Stroma
4311,4311,Fat
4312,4312,Tumor
4313,4313,Tumor
4314,4314,Stroma
4315,4315,Tumor
4316,4316,Fat
4317,4317,Tumor
4318,4318,Fat
4319,4319,Stroma
4320,4320,Stroma
4321,4321,Fat
4322,4322,Stroma
4323,4323,Fat
4324,4324,Stroma
4325,4325,Stroma
4326,4326,Fat
4327,4327,Fat
4328,4328,Tumor
4329,4329,Stroma
4330,4330,Stroma
4331,4331,Fat
4332,4332,Tumor
4333,4333,Tumor
4334,4334,Stroma
4335,4335,Tumor
4336,4336,Tumor
4337,4337,Stroma
4338,4338,Fat
4339,4339,Fat
4340,4340,Tumor
4341,4341,Tumor
4342,4342,Fat
4343,4343,Stroma
4344,4344,Fat
4345,4345,Fat
4346,4346,Stroma
4347,4347,Fat
4348,4348,Tumor
4349,4349,Stroma
4350,4350,Tumor
4351,4351,Stroma
4352,4352,Fat
4353,4353,Fat
4354,4354,Tumor
4355,4355,Tumor
4356,4356,Fat
4357,4357,Fat
4358,4358,Stroma
4359,4359,Stroma
4360,4360,Stroma
4361,4361,Stroma
4362,4362,Stroma
4363,4363,Stroma
4364,4364,Stroma
4365,4365,Tumor
4366,4366,Stroma
4367,4367,Stroma
4368,4368,Fat
4369,4369,Stroma
4370,4370,Fat
4371,4371,Stroma
4372,4372,Fat
4373,4373,Stroma
4374,4374,Fat
4375,4375,Fat
4376,4376,Fat
4377,4377,Tumor
4378,4378,Fat
4379,4379,Tumor
4380,4380,Fat
4381,4381,Tumor
4382,4382,Stroma
4383,4383,Stroma
4384,4384,Stroma
4385,4385,Fat
4386,4386,Stroma
4387,4387,Tumor
4388,4388,Stroma
4389,4389,Tumor
4390,4390,Stroma
4391,4391,Fat
4392,4392,Stroma
4393,4393,Fat
4394,4394,Stroma
4395,4395,Stroma
4396,4396,Fat
4397,4397,Stroma
4398,4398,Stroma
4399,4399,Stroma
4400,4400,Tumor
4401,4401,Tumor
4402,4402,Stroma
4403,4403,Fat
4404,4404,Tumor
4405,4405,Stroma
4406,4406,Tumor
4407,4407,Tumor
4408,4408,Fat
4409,4409,Stroma
4410,4410,Fat
4411,4411,Stroma
4412,4412,Fat
4413,4413,Tumor
4414,4414,Stroma
4415,4415,Stroma
4416,4416,Stroma
4417,4417,Fat
4418,4418,Tumor
4419,4419,Fat
4420,4420,Stroma
4421,4421,Tumor
4422,4422,Stroma
4423,4423,Fat
4424,4424,Stroma
4425,4425,Tumor
4426,4426,Tumor
4427,4427,Stroma
4428,4428,Fat
4429,4429,Stroma
4430,4430,Fat
4431,4431,Fat
4432,4432,Tumor
4433,4433,Stroma
4434,4434,Stroma
4435,4435,Stroma
4436,4436,Fat
4437,4437,Tumor
4438,4438,Stroma
4439,4439,Tumor
4440,4440,Tumor
4441,4441,Tumor
4442,4442,Stroma
4443,4443,Stroma
4444,4444,Tumor
4445,4445,Tumor
4446,4446,Stroma
4447,4447,Fat
4448,4448,Stroma
4449,4449,Stroma
4450,4450,Fat
4451,4451,Tumor
4452,4452,Stroma
4453,4453,Fat
4454,4454,Fat
4455,4455,Fat
4456,4456,Stroma
4457,4457,Stroma
4458,4458,Stroma
4459,4459,Stroma
4460,4460,Stroma
4461,4461,Fat
4462,4462,Tumor
4463,4463,Stroma
4464,4464,Fat
4465,4465,Stroma
4466,4466,Tumor
4467,4467,Tumor
4468,4468,Fat
4469,4469,Fat
4470,4470,Tumor
4471,4471,Stroma
4472,4472,Fat
4473,4473,Stroma
4474,4474,Stroma
4475,4475,Stroma
4476,4476,Stroma
4477,4477,Fat
4478,4478,Tumor
4479,4479,Stroma
4480,4480,Tumor
4481,4481,Tumor
4482,4482,Fat
4483,4483,Fat
4484,4484,Tumor
4485,4485,Tumor
4486,4486,Stroma
4487,4487,Fat
4488,4488,Fat
4489,4489,Stroma
4490,4490,Fat
4491,4491,Tumor
4492,4492,Tumor
4493,4493,Tumor
4494,4494,Tumor
4495,4495,Fat
4496,4496,Stroma
4497,4497,Tumor
4498,4498,Tumor
4499,4499,Tumor
4500,4500,Stroma
4501,4501,Stroma
4502,4502,Tumor
4503,4503,Tumor
4504,4504,Fat
4505,4505,Fat
4506,4506,Fat
4507,4507,Stroma
4508,4508,Stroma
4509,4509,Tumor
4510,4510,Fat
4511,4511,Fat
4512,4512,Fat
4513,4513,Fat
4514,4514,Fat
4515,4515,Stroma
4516,4516,Stroma
4517,4517,Fat
4518,4518,Tumor
4519,4519,Fat
4520,4520,Stroma
4521,4521,Tumor
4522,4522,Tumor
4523,4523,Fat
4524,4524,Tumor
4525,4525,Tumor
4526,4526,Stroma
4527,4527,Tumor
4528,4528,Fat
4529,4529,Fat
4530,4530,Tumor
4531,4531,Fat
4532,4532,Tumor
4533,4533,Stroma
4534,4534,Fat
4535,4535,Stroma
4536,4536,Fat
4537,4537,Stroma
4538,4538,Stroma
4539,4539,Tumor
4540,4540,Tumor
4541,4541,Fat
4542,4542,Stroma
4543,4543,Tumor
4544,4544,Fat
4545,4545,Fat
4546,4546,Stroma
4547,4547,Fat
4548,4548,Stroma
4549,4549,Stroma
4550,4550,Fat
4551,4551,Fat
4552,4552,Fat
4553,4553,Tumor
4554,4554,Fat
4555,4555,Tumor
4556,4556,Stroma
4557,4557,Stroma
4558,4558,Tumor
4559,4559,Fat
4560,4560,Fat
4561,4561,Fat
4562,4562,Fat
4563,4563,Fat
4564,4564,Tumor
4565,4565,Fat
4566,4566,Tumor
4567,4567,Tumor
4568,4568,Tumor
4569,4569,Tumor
4570,4570,Stroma
4571,4571,Tumor
4572,4572,Tumor
4573,4573,Stroma
4574,4574,Fat
4575,4575,Fat
4576,4576,Fat
4577,4577,Stroma
4578,4578,Stroma
4579,4579,Fat
4580,4580,Fat
4581,4581,Tumor
4582,4582,Stroma
4583,4583,Stroma
4584,4584,Stroma
4585,4585,Stroma
4586,4586,Stroma
4587,4587,Fat
4588,4588,Fat
4589,4589,Tumor
4590,4590,Tumor
4591,4591,Fat
4592,4592,Tumor
4593,4593,Tumor
4594,4594,Tumor
4595,4595,Stroma
4596,4596,Tumor
4597,4597,Fat
4598,4598,Fat
4599,4599,Stroma
4600,4600,Tumor
4601,4601,Tumor
4602,4602,Fat
4603,4603,Fat
4604,4604,Fat
4605,4605,Tumor
4606,4606,Stroma
4607,4607,Stroma
4608,4608,Tumor
4609,4609,Stroma
4610,4610,Tumor
4611,4611,Stroma
4612,4612,Fat
4613,4613,Stroma
4614,4614,Tumor
4615,4615,Tumor
4616,4616,Tumor
4617,4617,Tumor
4618,4618,Fat
4619,4619,Tumor
4620,4620,Tumor
4621,4621,Stroma
4622,4622,Fat
4623,4623,Fat
4624,4624,Stroma
4625,4625,Stroma
4626,4626,Fat
4627,4627,Stroma
4628,4628,Fat
4629,4629,Tumor
4630,4630,Stroma
4631,4631,Tumor
4632,4632,Stroma
4633,4633,Fat
4634,4634,Tumor
4635,4635,Fat
4636,4636,Stroma
4637,4637,Tumor
4638,4638,Stroma
4639,4639,Fat
4640,4640,Stroma
4641,4641,Stroma
4642,4642,Fat
4643,4643,Stroma
4644,4644,Fat
4645,4645,Stroma
4646,4646,Fat
4647,4647,Tumor
4648,4648,Stroma
4649,4649,Stroma
4650,4650,Stroma
4651,4651,Tumor
4652,4652,Fat
4653,4653,Tumor
4654,4654,Fat
4655,4655,Fat
4656,4656,Stroma
4657,4657,Stroma
4658,4658,Stroma
4659,4659,Stroma
4660,4660,Tumor
4661,4661,Stroma
4662,4662,Tumor
4663,4663,Stroma
4664,4664,Tumor
4665,4665,Tumor
4666,4666,Fat
4667,4667,Tumor
4668,4668,Tumor
4669,4669,Stroma
4670,4670,Stroma
4671,4671,Fat
4672,4672,Stroma
4673,4673,Tumor
4674,4674,Stroma
4675,4675,Tumor
4676,4676,Tumor
4677,4677,Tumor
4678,4678,Fat
4679,4679,Fat
4680,4680,Tumor
4681,4681,Stroma
4682,4682,Fat
4683,4683,Tumor
4684,4684,Stroma
4685,4685,Fat
4686,4686,Fat
4687,4687,Tumor
4688,4688,Fat
4689,4689,Stroma
4690,4690,Stroma
4691,4691,Tumor
4692,4692,Fat
4693,4693,Fat
4694,4694,Fat
4695,4695,Stroma
4696,4696,Fat
4697,4697,Fat
4698,4698,Tumor
4699,4699,Tumor
4700,4700,Tumor
4701,4701,Stroma
4702,4702,Tumor
4703,4703,Stroma
4704,4704,Stroma
4705,4705,Stroma
4706,4706,Stroma
4707,4707,Fat
4708,4708,Fat
4709,4709,Fat
4710,4710,Fat
4711,4711,Fat
4712,4712,Stroma
4713,4713,Fat
4714,4714,Fat
4715,4715,Fat
4716,4716,Fat
4717,4717,Tumor
4718,4718,Stroma
4719,4719,Fat
4720,4720,Tumor
4721,4721,Tumor
4722,4722,Fat
4723,4723,Tumor
4724,4724,Stroma
4725,4725,Fat
4726,4726,Stroma
4727,4727,Tumor
4728,4728,Fat
4729,4729,Tumor
4730,4730,Tumor
4731,4731,Fat
4732,4732,Stroma
4733,4733,Tumor
4734,4734,Tumor
4735,4735,Tumor
4736,4736,Tumor
4737,4737,Fat
4738,4738,Stroma
4739,4739,Fat
4740,4740,Fat
4741,4741,Tumor
4742,4742,Tumor
4743,4743,Tumor
4744,4744,Fat
4745,4745,Tumor
4746,4746,Fat
4747,4747,Tumor
4748,4748,Tumor
4749,4749,Fat
4750,4750,Tumor
4751,4751,Tumor
4752,4752,Stroma
4753,4753,Tumor
4754,4754,Stroma
4755,4755,Fat
4756,4756,Stroma
4757,4757,Stroma
4758,4758,Stroma
4759,4759,Tumor
4760,4760,Tumor
4761,4761,Tumor
4762,4762,Stroma
4763,4763,Stroma
4764,4764,Fat
4765,4765,Tumor
4766,4766,Stroma
4767,4767,Fat
4768,4768,Stroma
4769,4769,Fat
4770,4770,Stroma
4771,4771,Fat
4772,4772,Fat
4773,4773,Fat
4774,4774,Tumor
4775,4775,Stroma
4776,4776,Fat
4777,4777,Fat
4778,4778,Fat
4779,4779,Stroma
4780,4780,Tumor
4781,4781,Fat
4782,4782,Tumor
4783,4783,Tumor
4784,4784,Stroma
4785,4785,Stroma
4786,4786,Stroma
4787,4787,Tumor
4788,4788,Tumor
4789,4789,Fat
4790,4790,Fat
4791,4791,Fat
4792,4792,Stroma
4793,4793,Tumor
4794,4794,Stroma
4795,4795,Tumor
4796,4796,Fat
4797,4797,Tumor
4798,4798,Tumor
4799,4799,Tumor
